timestamp,"user_id","session_id",model
"2025-10-22T21:00:00Z","user_001","sess_abc123","model_grammarfixer_pro"
"2025-10-22T21:00:00Z",jtran,"sess_1a2b3c","model_grammarfixer_pro"
"2025-10-22T21:00:00Z","user_001","sess_abc123","model_ideation_core"
"2025-10-22T21:00:00Z",jtran,"sess_1a2b3c","model_ideation_core"
"2025-10-22T21:00:00Z","user_001","sess_abc123","model_nlp_parser_v2"
"2025-10-22T21:00:00Z",jtran,"sess_1a2b3c","model_nlp_parser_v2"
"2025-10-22T21:00:00Z","user_001","sess_abc123","model_promptengine_beta"
"2025-10-22T21:00:00Z",jtran,"sess_1a2b3c","model_promptengine_beta"
"2025-10-22T21:00:00Z","user_001","sess_abc123","model_qtzalcoatl"
"2025-10-22T21:00:00Z",jtran,"sess_1a2b3c","model_qtzalcoatl"
"2025-10-22T21:00:00Z","user_001","sess_abc123","model_querybuilder_lite"
"2025-10-22T21:00:00Z",jtran,"sess_1a2b3c","model_querybuilder_lite"
"2025-10-22T21:00:00Z","user_001","sess_abc123","model_reasonnet_1.3"
"2025-10-22T21:00:00Z",jtran,"sess_1a2b3c","model_reasonnet_1.3"
"2025-10-22T21:00:00Z","user_001","sess_abc123","model_summarizer_x"
"2025-10-22T21:00:00Z",jtran,"sess_1a2b3c","model_summarizer_x"
"2025-10-22T21:00:00Z","user_001","sess_abc123","model_syntaxnet_v4"
"2025-10-22T21:00:00Z",jtran,"sess_1a2b3c","model_syntaxnet_v4"
"2025-10-22T21:00:00Z","user_001","sess_abc123","model_textgen_alpha"
"2025-10-22T21:00:00Z",jtran,"sess_1a2b3c","model_textgen_alpha"
"2025-10-22T21:05:00Z","user_002","sess_def456","model_grammarfixer_pro"
"2025-10-22T21:05:00Z","maria.gomez","sess_4d5e6f","model_grammarfixer_pro"
"2025-10-22T21:05:00Z","user_002","sess_def456","model_ideation_core"
"2025-10-22T21:05:00Z","maria.gomez","sess_4d5e6f","model_ideation_core"
"2025-10-22T21:05:00Z","user_002","sess_def456","model_nlp_parser_v2"
"2025-10-22T21:05:00Z","maria.gomez","sess_4d5e6f","model_nlp_parser_v2"
"2025-10-22T21:05:00Z","user_002","sess_def456","model_promptengine_beta"
"2025-10-22T21:05:00Z","maria.gomez","sess_4d5e6f","model_promptengine_beta"
"2025-10-22T21:05:00Z","user_002","sess_def456","model_qtzalcoatl"
"2025-10-22T21:05:00Z","maria.gomez","sess_4d5e6f","model_qtzalcoatl"
"2025-10-22T21:05:00Z","user_002","sess_def456","model_querybuilder_lite"
"2025-10-22T21:05:00Z","maria.gomez","sess_4d5e6f","model_querybuilder_lite"
"2025-10-22T21:05:00Z","user_002","sess_def456","model_reasonnet_1.3"
"2025-10-22T21:05:00Z","maria.gomez","sess_4d5e6f","model_reasonnet_1.3"
"2025-10-22T21:05:00Z","user_002","sess_def456","model_summarizer_x"
"2025-10-22T21:05:00Z","maria.gomez","sess_4d5e6f","model_summarizer_x"
"2025-10-22T21:05:00Z","user_002","sess_def456","model_syntaxnet_v4"
"2025-10-22T21:05:00Z","maria.gomez","sess_4d5e6f","model_syntaxnet_v4"
"2025-10-22T21:05:00Z","user_002","sess_def456","model_textgen_alpha"
"2025-10-22T21:05:00Z","maria.gomez","sess_4d5e6f","model_textgen_alpha"
"2025-10-22T21:10:00Z","user_003","sess_xyz789","model_grammarfixer_pro"
"2025-10-22T21:10:00Z",cyberwolf42,"sess_7g8h9i","model_grammarfixer_pro"
"2025-10-22T21:10:00Z","user_003","sess_xyz789","model_ideation_core"
"2025-10-22T21:10:00Z",cyberwolf42,"sess_7g8h9i","model_ideation_core"
"2025-10-22T21:10:00Z","user_003","sess_xyz789","model_nlp_parser_v2"
"2025-10-22T21:10:00Z",cyberwolf42,"sess_7g8h9i","model_nlp_parser_v2"
"2025-10-22T21:10:00Z","user_003","sess_xyz789","model_promptengine_beta"
"2025-10-22T21:10:00Z",cyberwolf42,"sess_7g8h9i","model_promptengine_beta"
"2025-10-22T21:10:00Z","user_003","sess_xyz789","model_qtzalcoatl"
"2025-10-22T21:10:00Z",cyberwolf42,"sess_7g8h9i","model_qtzalcoatl"
"2025-10-22T21:10:00Z","user_003","sess_xyz789","model_querybuilder_lite"
"2025-10-22T21:10:00Z",cyberwolf42,"sess_7g8h9i","model_querybuilder_lite"
"2025-10-22T21:10:00Z","user_003","sess_xyz789","model_reasonnet_1.3"
"2025-10-22T21:10:00Z",cyberwolf42,"sess_7g8h9i","model_reasonnet_1.3"
"2025-10-22T21:10:00Z","user_003","sess_xyz789","model_summarizer_x"
"2025-10-22T21:10:00Z",cyberwolf42,"sess_7g8h9i","model_summarizer_x"
"2025-10-22T21:10:00Z","user_003","sess_xyz789","model_syntaxnet_v4"
"2025-10-22T21:10:00Z",cyberwolf42,"sess_7g8h9i","model_syntaxnet_v4"
"2025-10-22T21:10:00Z","user_003","sess_xyz789","model_textgen_alpha"
"2025-10-22T21:10:00Z",cyberwolf42,"sess_7g8h9i","model_textgen_alpha"
"2025-10-22T21:15:00Z","user_004","sess_ghj321","model_grammarfixer_pro"
"2025-10-22T21:15:00Z","elena.vault","sess_0j1k2l","model_grammarfixer_pro"
"2025-10-22T21:15:00Z","user_004","sess_ghj321","model_ideation_core"
"2025-10-22T21:15:00Z","elena.vault","sess_0j1k2l","model_ideation_core"
"2025-10-22T21:15:00Z","user_004","sess_ghj321","model_nlp_parser_v2"
"2025-10-22T21:15:00Z","elena.vault","sess_0j1k2l","model_nlp_parser_v2"
"2025-10-22T21:15:00Z","user_004","sess_ghj321","model_promptengine_beta"
"2025-10-22T21:15:00Z","elena.vault","sess_0j1k2l","model_promptengine_beta"
"2025-10-22T21:15:00Z","user_004","sess_ghj321","model_qtzalcoatl"
"2025-10-22T21:15:00Z","elena.vault","sess_0j1k2l","model_qtzalcoatl"
"2025-10-22T21:15:00Z","user_004","sess_ghj321","model_querybuilder_lite"
"2025-10-22T21:15:00Z","elena.vault","sess_0j1k2l","model_querybuilder_lite"
"2025-10-22T21:15:00Z","user_004","sess_ghj321","model_reasonnet_1.3"
"2025-10-22T21:15:00Z","elena.vault","sess_0j1k2l","model_reasonnet_1.3"
"2025-10-22T21:15:00Z","user_004","sess_ghj321","model_summarizer_x"
"2025-10-22T21:15:00Z","elena.vault","sess_0j1k2l","model_summarizer_x"
"2025-10-22T21:15:00Z","user_004","sess_ghj321","model_syntaxnet_v4"
"2025-10-22T21:15:00Z","elena.vault","sess_0j1k2l","model_syntaxnet_v4"
"2025-10-22T21:15:00Z","user_004","sess_ghj321","model_textgen_alpha"
"2025-10-22T21:15:00Z","elena.vault","sess_0j1k2l","model_textgen_alpha"
"2025-10-22T21:20:00Z","user_005","sess_lmn654","model_grammarfixer_pro"
"2025-10-22T21:20:00Z",hexhunter,"sess_3m4n5o","model_grammarfixer_pro"
"2025-10-22T21:20:00Z","user_005","sess_lmn654","model_ideation_core"
"2025-10-22T21:20:00Z",hexhunter,"sess_3m4n5o","model_ideation_core"
"2025-10-22T21:20:00Z","user_005","sess_lmn654","model_nlp_parser_v2"
"2025-10-22T21:20:00Z",hexhunter,"sess_3m4n5o","model_nlp_parser_v2"
"2025-10-22T21:20:00Z","user_005","sess_lmn654","model_promptengine_beta"
"2025-10-22T21:20:00Z",hexhunter,"sess_3m4n5o","model_promptengine_beta"
"2025-10-22T21:20:00Z","user_005","sess_lmn654","model_qtzalcoatl"
"2025-10-22T21:20:00Z",hexhunter,"sess_3m4n5o","model_qtzalcoatl"
"2025-10-22T21:20:00Z","user_005","sess_lmn654","model_querybuilder_lite"
"2025-10-22T21:20:00Z",hexhunter,"sess_3m4n5o","model_querybuilder_lite"
"2025-10-22T21:20:00Z","user_005","sess_lmn654","model_reasonnet_1.3"
"2025-10-22T21:20:00Z",hexhunter,"sess_3m4n5o","model_reasonnet_1.3"
"2025-10-22T21:20:00Z","user_005","sess_lmn654","model_summarizer_x"
"2025-10-22T21:20:00Z",hexhunter,"sess_3m4n5o","model_summarizer_x"
"2025-10-22T21:20:00Z","user_005","sess_lmn654","model_syntaxnet_v4"
"2025-10-22T21:20:00Z",hexhunter,"sess_3m4n5o","model_syntaxnet_v4"
"2025-10-22T21:20:00Z","user_005","sess_lmn654","model_textgen_alpha"
"2025-10-22T21:20:00Z",hexhunter,"sess_3m4n5o","model_textgen_alpha"
"2025-10-22T21:25:00Z","kevin.choi","sess_b2c3d4","model_grammarfixer_pro"
"2025-10-22T21:25:00Z","kevin.choi","sess_b2c3d4","model_ideation_core"
"2025-10-22T21:25:00Z","kevin.choi","sess_b2c3d4","model_nlp_parser_v2"
"2025-10-22T21:25:00Z","kevin.choi","sess_b2c3d4","model_promptengine_beta"
"2025-10-22T21:25:00Z","kevin.choi","sess_b2c3d4","model_qtzalcoatl"
"2025-10-22T21:25:00Z","kevin.choi","sess_b2c3d4","model_querybuilder_lite"
"2025-10-22T21:25:00Z","kevin.choi","sess_b2c3d4","model_reasonnet_1.3"
"2025-10-22T21:25:00Z","kevin.choi","sess_b2c3d4","model_summarizer_x"
"2025-10-22T21:25:00Z","kevin.choi","sess_b2c3d4","model_syntaxnet_v4"
"2025-10-22T21:25:00Z","kevin.choi","sess_b2c3d4","model_textgen_alpha"
"2025-10-22T21:30:00Z","alina.k","sess_e5f6g7","model_grammarfixer_pro"
"2025-10-22T21:30:00Z","alina.k","sess_e5f6g7","model_ideation_core"
"2025-10-22T21:30:00Z","alina.k","sess_e5f6g7","model_nlp_parser_v2"
"2025-10-22T21:30:00Z","alina.k","sess_e5f6g7","model_promptengine_beta"
"2025-10-22T21:30:00Z","alina.k","sess_e5f6g7","model_qtzalcoatl"
"2025-10-22T21:30:00Z","alina.k","sess_e5f6g7","model_querybuilder_lite"
"2025-10-22T21:30:00Z","alina.k","sess_e5f6g7","model_reasonnet_1.3"
"2025-10-22T21:30:00Z","alina.k","sess_e5f6g7","model_summarizer_x"
"2025-10-22T21:30:00Z","alina.k","sess_e5f6g7","model_syntaxnet_v4"
"2025-10-22T21:30:00Z","alina.k","sess_e5f6g7","model_textgen_alpha"
"2025-10-22T21:35:00Z","brandon.ng","sess_h8i9j0","model_grammarfixer_pro"
"2025-10-22T21:35:00Z","brandon.ng","sess_h8i9j0","model_ideation_core"
"2025-10-22T21:35:00Z","brandon.ng","sess_h8i9j0","model_nlp_parser_v2"
"2025-10-22T21:35:00Z","brandon.ng","sess_h8i9j0","model_promptengine_beta"
"2025-10-22T21:35:00Z","brandon.ng","sess_h8i9j0","model_qtzalcoatl"
"2025-10-22T21:35:00Z","brandon.ng","sess_h8i9j0","model_querybuilder_lite"
"2025-10-22T21:35:00Z","brandon.ng","sess_h8i9j0","model_reasonnet_1.3"
"2025-10-22T21:35:00Z","brandon.ng","sess_h8i9j0","model_summarizer_x"
"2025-10-22T21:35:00Z","brandon.ng","sess_h8i9j0","model_syntaxnet_v4"
"2025-10-22T21:35:00Z","brandon.ng","sess_h8i9j0","model_textgen_alpha"
"2025-10-22T21:40:00Z","zoe.miller","sess_k1l2m3","model_grammarfixer_pro"
"2025-10-22T21:40:00Z","zoe.miller","sess_k1l2m3","model_ideation_core"
"2025-10-22T21:40:00Z","zoe.miller","sess_k1l2m3","model_nlp_parser_v2"
"2025-10-22T21:40:00Z","zoe.miller","sess_k1l2m3","model_promptengine_beta"
"2025-10-22T21:40:00Z","zoe.miller","sess_k1l2m3","model_qtzalcoatl"
"2025-10-22T21:40:00Z","zoe.miller","sess_k1l2m3","model_querybuilder_lite"
"2025-10-22T21:40:00Z","zoe.miller","sess_k1l2m3","model_reasonnet_1.3"
"2025-10-22T21:40:00Z","zoe.miller","sess_k1l2m3","model_summarizer_x"
"2025-10-22T21:40:00Z","zoe.miller","sess_k1l2m3","model_syntaxnet_v4"
"2025-10-22T21:40:00Z","zoe.miller","sess_k1l2m3","model_textgen_alpha"
"2025-10-22T21:45:00Z","liam.diaz","sess_n4o5p6","model_grammarfixer_pro"
"2025-10-22T21:45:00Z","liam.diaz","sess_n4o5p6","model_ideation_core"
"2025-10-22T21:45:00Z","liam.diaz","sess_n4o5p6","model_nlp_parser_v2"
"2025-10-22T21:45:00Z","liam.diaz","sess_n4o5p6","model_promptengine_beta"
"2025-10-22T21:45:00Z","liam.diaz","sess_n4o5p6","model_qtzalcoatl"
"2025-10-22T21:45:00Z","liam.diaz","sess_n4o5p6","model_querybuilder_lite"
"2025-10-22T21:45:00Z","liam.diaz","sess_n4o5p6","model_reasonnet_1.3"
"2025-10-22T21:45:00Z","liam.diaz","sess_n4o5p6","model_summarizer_x"
"2025-10-22T21:45:00Z","liam.diaz","sess_n4o5p6","model_syntaxnet_v4"
"2025-10-22T21:45:00Z","liam.diaz","sess_n4o5p6","model_textgen_alpha"
"2025-10-22T21:50:00Z","sasha.ren","sess_q7r8s9","model_grammarfixer_pro"
"2025-10-22T21:50:00Z","sasha.ren","sess_q7r8s9","model_ideation_core"
"2025-10-22T21:50:00Z","sasha.ren","sess_q7r8s9","model_nlp_parser_v2"
"2025-10-22T21:50:00Z","sasha.ren","sess_q7r8s9","model_promptengine_beta"
"2025-10-22T21:50:00Z","sasha.ren","sess_q7r8s9","model_qtzalcoatl"
"2025-10-22T21:50:00Z","sasha.ren","sess_q7r8s9","model_querybuilder_lite"
"2025-10-22T21:50:00Z","sasha.ren","sess_q7r8s9","model_reasonnet_1.3"
"2025-10-22T21:50:00Z","sasha.ren","sess_q7r8s9","model_summarizer_x"
"2025-10-22T21:50:00Z","sasha.ren","sess_q7r8s9","model_syntaxnet_v4"
"2025-10-22T21:50:00Z","sasha.ren","sess_q7r8s9","model_textgen_alpha"
"2025-10-22T21:55:00Z","omar.khan","sess_t0u1v2","model_grammarfixer_pro"
"2025-10-22T21:55:00Z","omar.khan","sess_t0u1v2","model_ideation_core"
"2025-10-22T21:55:00Z","omar.khan","sess_t0u1v2","model_nlp_parser_v2"
"2025-10-22T21:55:00Z","omar.khan","sess_t0u1v2","model_promptengine_beta"
"2025-10-22T21:55:00Z","omar.khan","sess_t0u1v2","model_qtzalcoatl"
"2025-10-22T21:55:00Z","omar.khan","sess_t0u1v2","model_querybuilder_lite"
"2025-10-22T21:55:00Z","omar.khan","sess_t0u1v2","model_reasonnet_1.3"
"2025-10-22T21:55:00Z","omar.khan","sess_t0u1v2","model_summarizer_x"
"2025-10-22T21:55:00Z","omar.khan","sess_t0u1v2","model_syntaxnet_v4"
"2025-10-22T21:55:00Z","omar.khan","sess_t0u1v2","model_textgen_alpha"
"2025-10-22T22:00:00Z","ivy.chen","sess_w3x4y5","model_grammarfixer_pro"
"2025-10-22T22:00:00Z","ivy.chen","sess_w3x4y5","model_ideation_core"
"2025-10-22T22:00:00Z","ivy.chen","sess_w3x4y5","model_nlp_parser_v2"
"2025-10-22T22:00:00Z","ivy.chen","sess_w3x4y5","model_promptengine_beta"
"2025-10-22T22:00:00Z","ivy.chen","sess_w3x4y5","model_qtzalcoatl"
"2025-10-22T22:00:00Z","ivy.chen","sess_w3x4y5","model_querybuilder_lite"
"2025-10-22T22:00:00Z","ivy.chen","sess_w3x4y5","model_reasonnet_1.3"
"2025-10-22T22:00:00Z","ivy.chen","sess_w3x4y5","model_summarizer_x"
"2025-10-22T22:00:00Z","ivy.chen","sess_w3x4y5","model_syntaxnet_v4"
"2025-10-22T22:00:00Z","ivy.chen","sess_w3x4y5","model_textgen_alpha"
"2025-10-22T22:05:00Z","daniel.ross","sess_z6a7b8","model_grammarfixer_pro"
"2025-10-22T22:05:00Z","daniel.ross","sess_z6a7b8","model_ideation_core"
"2025-10-22T22:05:00Z","daniel.ross","sess_z6a7b8","model_nlp_parser_v2"
"2025-10-22T22:05:00Z","daniel.ross","sess_z6a7b8","model_promptengine_beta"
"2025-10-22T22:05:00Z","daniel.ross","sess_z6a7b8","model_qtzalcoatl"
"2025-10-22T22:05:00Z","daniel.ross","sess_z6a7b8","model_querybuilder_lite"
"2025-10-22T22:05:00Z","daniel.ross","sess_z6a7b8","model_reasonnet_1.3"
"2025-10-22T22:05:00Z","daniel.ross","sess_z6a7b8","model_summarizer_x"
"2025-10-22T22:05:00Z","daniel.ross","sess_z6a7b8","model_syntaxnet_v4"
"2025-10-22T22:05:00Z","daniel.ross","sess_z6a7b8","model_textgen_alpha"
"2025-10-22T22:10:00Z","megan.lee","sess_c9d0e1","model_grammarfixer_pro"
"2025-10-22T22:10:00Z","megan.lee","sess_c9d0e1","model_ideation_core"
"2025-10-22T22:10:00Z","megan.lee","sess_c9d0e1","model_nlp_parser_v2"
"2025-10-22T22:10:00Z","megan.lee","sess_c9d0e1","model_promptengine_beta"
"2025-10-22T22:10:00Z","megan.lee","sess_c9d0e1","model_qtzalcoatl"
"2025-10-22T22:10:00Z","megan.lee","sess_c9d0e1","model_querybuilder_lite"
"2025-10-22T22:10:00Z","megan.lee","sess_c9d0e1","model_reasonnet_1.3"
"2025-10-22T22:10:00Z","megan.lee","sess_c9d0e1","model_summarizer_x"
"2025-10-22T22:10:00Z","megan.lee","sess_c9d0e1","model_syntaxnet_v4"
"2025-10-22T22:10:00Z","megan.lee","sess_c9d0e1","model_textgen_alpha"
"2025-10-22T22:15:00Z","tyler.james","sess_f2g3h4","model_grammarfixer_pro"
"2025-10-22T22:15:00Z","tyler.james","sess_f2g3h4","model_ideation_core"
"2025-10-22T22:15:00Z","tyler.james","sess_f2g3h4","model_nlp_parser_v2"
"2025-10-22T22:15:00Z","tyler.james","sess_f2g3h4","model_promptengine_beta"
"2025-10-22T22:15:00Z","tyler.james","sess_f2g3h4","model_qtzalcoatl"
"2025-10-22T22:15:00Z","tyler.james","sess_f2g3h4","model_querybuilder_lite"
"2025-10-22T22:15:00Z","tyler.james","sess_f2g3h4","model_reasonnet_1.3"
"2025-10-22T22:15:00Z","tyler.james","sess_f2g3h4","model_summarizer_x"
"2025-10-22T22:15:00Z","tyler.james","sess_f2g3h4","model_syntaxnet_v4"
"2025-10-22T22:15:00Z","tyler.james","sess_f2g3h4","model_textgen_alpha"
"2025-10-22T22:20:00Z","anika.singh","sess_i5j6k7","model_grammarfixer_pro"
"2025-10-22T22:20:00Z","anika.singh","sess_i5j6k7","model_ideation_core"
"2025-10-22T22:20:00Z","anika.singh","sess_i5j6k7","model_nlp_parser_v2"
"2025-10-22T22:20:00Z","anika.singh","sess_i5j6k7","model_promptengine_beta"
"2025-10-22T22:20:00Z","anika.singh","sess_i5j6k7","model_qtzalcoatl"
"2025-10-22T22:20:00Z","anika.singh","sess_i5j6k7","model_querybuilder_lite"
"2025-10-22T22:20:00Z","anika.singh","sess_i5j6k7","model_reasonnet_1.3"
"2025-10-22T22:20:00Z","anika.singh","sess_i5j6k7","model_summarizer_x"
"2025-10-22T22:20:00Z","anika.singh","sess_i5j6k7","model_syntaxnet_v4"
"2025-10-22T22:20:00Z","anika.singh","sess_i5j6k7","model_textgen_alpha"
"2025-10-22T22:25:00Z","leo.martin","sess_l8m9n0","model_grammarfixer_pro"
"2025-10-22T22:25:00Z","leo.martin","sess_l8m9n0","model_ideation_core"
"2025-10-22T22:25:00Z","leo.martin","sess_l8m9n0","model_nlp_parser_v2"
"2025-10-22T22:25:00Z","leo.martin","sess_l8m9n0","model_promptengine_beta"
"2025-10-22T22:25:00Z","leo.martin","sess_l8m9n0","model_qtzalcoatl"
"2025-10-22T22:25:00Z","leo.martin","sess_l8m9n0","model_querybuilder_lite"
"2025-10-22T22:25:00Z","leo.martin","sess_l8m9n0","model_reasonnet_1.3"
"2025-10-22T22:25:00Z","leo.martin","sess_l8m9n0","model_summarizer_x"
"2025-10-22T22:25:00Z","leo.martin","sess_l8m9n0","model_syntaxnet_v4"
"2025-10-22T22:25:00Z","leo.martin","sess_l8m9n0","model_textgen_alpha"
"2025-10-22T22:30:00Z","grace.huang","sess_o1p2q3","model_grammarfixer_pro"
"2025-10-22T22:30:00Z","grace.huang","sess_o1p2q3","model_ideation_core"
"2025-10-22T22:30:00Z","grace.huang","sess_o1p2q3","model_nlp_parser_v2"
"2025-10-22T22:30:00Z","grace.huang","sess_o1p2q3","model_promptengine_beta"
"2025-10-22T22:30:00Z","grace.huang","sess_o1p2q3","model_qtzalcoatl"
"2025-10-22T22:30:00Z","grace.huang","sess_o1p2q3","model_querybuilder_lite"
"2025-10-22T22:30:00Z","grace.huang","sess_o1p2q3","model_reasonnet_1.3"
"2025-10-22T22:30:00Z","grace.huang","sess_o1p2q3","model_summarizer_x"
"2025-10-22T22:30:00Z","grace.huang","sess_o1p2q3","model_syntaxnet_v4"
"2025-10-22T22:30:00Z","grace.huang","sess_o1p2q3","model_textgen_alpha"
"2025-10-22T22:35:00Z","aaron.cho","sess_r4s5t6","model_grammarfixer_pro"
"2025-10-22T22:35:00Z","aaron.cho","sess_r4s5t6","model_ideation_core"
"2025-10-22T22:35:00Z","aaron.cho","sess_r4s5t6","model_nlp_parser_v2"
"2025-10-22T22:35:00Z","aaron.cho","sess_r4s5t6","model_promptengine_beta"
"2025-10-22T22:35:00Z","aaron.cho","sess_r4s5t6","model_qtzalcoatl"
"2025-10-22T22:35:00Z","aaron.cho","sess_r4s5t6","model_querybuilder_lite"
"2025-10-22T22:35:00Z","aaron.cho","sess_r4s5t6","model_reasonnet_1.3"
"2025-10-22T22:35:00Z","aaron.cho","sess_r4s5t6","model_summarizer_x"
"2025-10-22T22:35:00Z","aaron.cho","sess_r4s5t6","model_syntaxnet_v4"
"2025-10-22T22:35:00Z","aaron.cho","sess_r4s5t6","model_textgen_alpha"
"2025-10-22T22:40:00Z","emily.nguyen","sess_u7v8w9","model_grammarfixer_pro"
"2025-10-22T22:40:00Z","emily.nguyen","sess_u7v8w9","model_ideation_core"
"2025-10-22T22:40:00Z","emily.nguyen","sess_u7v8w9","model_nlp_parser_v2"
"2025-10-22T22:40:00Z","emily.nguyen","sess_u7v8w9","model_promptengine_beta"
"2025-10-22T22:40:00Z","emily.nguyen","sess_u7v8w9","model_qtzalcoatl"
"2025-10-22T22:40:00Z","emily.nguyen","sess_u7v8w9","model_querybuilder_lite"
"2025-10-22T22:40:00Z","emily.nguyen","sess_u7v8w9","model_reasonnet_1.3"
"2025-10-22T22:40:00Z","emily.nguyen","sess_u7v8w9","model_summarizer_x"
"2025-10-22T22:40:00Z","emily.nguyen","sess_u7v8w9","model_syntaxnet_v4"
"2025-10-22T22:40:00Z","emily.nguyen","sess_u7v8w9","model_textgen_alpha"
"2025-10-22T22:45:00Z","ryan.kim","sess_x0y1z2","model_grammarfixer_pro"
"2025-10-22T22:45:00Z","ryan.kim","sess_x0y1z2","model_ideation_core"
"2025-10-22T22:45:00Z","ryan.kim","sess_x0y1z2","model_nlp_parser_v2"
"2025-10-22T22:45:00Z","ryan.kim","sess_x0y1z2","model_promptengine_beta"
"2025-10-22T22:45:00Z","ryan.kim","sess_x0y1z2","model_qtzalcoatl"
"2025-10-22T22:45:00Z","ryan.kim","sess_x0y1z2","model_querybuilder_lite"
"2025-10-22T22:45:00Z","ryan.kim","sess_x0y1z2","model_reasonnet_1.3"
"2025-10-22T22:45:00Z","ryan.kim","sess_x0y1z2","model_summarizer_x"
"2025-10-22T22:45:00Z","ryan.kim","sess_x0y1z2","model_syntaxnet_v4"
"2025-10-22T22:45:00Z","ryan.kim","sess_x0y1z2","model_textgen_alpha"
"2025-10-22T22:50:00Z","nina.patel","sess_a3b4c5","model_grammarfixer_pro"
"2025-10-22T22:50:00Z","nina.patel","sess_a3b4c5","model_ideation_core"
"2025-10-22T22:50:00Z","nina.patel","sess_a3b4c5","model_nlp_parser_v2"
"2025-10-22T22:50:00Z","nina.patel","sess_a3b4c5","model_promptengine_beta"
"2025-10-22T22:50:00Z","nina.patel","sess_a3b4c5","model_qtzalcoatl"
"2025-10-22T22:50:00Z","nina.patel","sess_a3b4c5","model_querybuilder_lite"
"2025-10-22T22:50:00Z","nina.patel","sess_a3b4c5","model_reasonnet_1.3"
"2025-10-22T22:50:00Z","nina.patel","sess_a3b4c5","model_summarizer_x"
"2025-10-22T22:50:00Z","nina.patel","sess_a3b4c5","model_syntaxnet_v4"
"2025-10-22T22:50:00Z","nina.patel","sess_a3b4c5","model_textgen_alpha"
"2025-10-22T22:55:00Z","ethan.wood","sess_d6e7f8","model_grammarfixer_pro"
"2025-10-22T22:55:00Z","ethan.wood","sess_d6e7f8","model_ideation_core"
"2025-10-22T22:55:00Z","ethan.wood","sess_d6e7f8","model_nlp_parser_v2"
"2025-10-22T22:55:00Z","ethan.wood","sess_d6e7f8","model_promptengine_beta"
"2025-10-22T22:55:00Z","ethan.wood","sess_d6e7f8","model_qtzalcoatl"
"2025-10-22T22:55:00Z","ethan.wood","sess_d6e7f8","model_querybuilder_lite"
"2025-10-22T22:55:00Z","ethan.wood","sess_d6e7f8","model_reasonnet_1.3"
"2025-10-22T22:55:00Z","ethan.wood","sess_d6e7f8","model_summarizer_x"
"2025-10-22T22:55:00Z","ethan.wood","sess_d6e7f8","model_syntaxnet_v4"
"2025-10-22T22:55:00Z","ethan.wood","sess_d6e7f8","model_textgen_alpha"
"2025-10-22T23:00:00Z","sofia.ali","sess_g9h0i1","model_grammarfixer_pro"
"2025-10-22T23:00:00Z","sofia.ali","sess_g9h0i1","model_ideation_core"
"2025-10-22T23:00:00Z","sofia.ali","sess_g9h0i1","model_nlp_parser_v2"
"2025-10-22T23:00:00Z","sofia.ali","sess_g9h0i1","model_promptengine_beta"
"2025-10-22T23:00:00Z","sofia.ali","sess_g9h0i1","model_qtzalcoatl"
"2025-10-22T23:00:00Z","sofia.ali","sess_g9h0i1","model_querybuilder_lite"
"2025-10-22T23:00:00Z","sofia.ali","sess_g9h0i1","model_reasonnet_1.3"
"2025-10-22T23:00:00Z","sofia.ali","sess_g9h0i1","model_summarizer_x"
"2025-10-22T23:00:00Z","sofia.ali","sess_g9h0i1","model_syntaxnet_v4"
"2025-10-22T23:00:00Z","sofia.ali","sess_g9h0i1","model_textgen_alpha"
"2025-10-22T23:05:00Z","logan.bell","sess_j2k3l4","model_grammarfixer_pro"
"2025-10-22T23:05:00Z","logan.bell","sess_j2k3l4","model_ideation_core"
"2025-10-22T23:05:00Z","logan.bell","sess_j2k3l4","model_nlp_parser_v2"
"2025-10-22T23:05:00Z","logan.bell","sess_j2k3l4","model_promptengine_beta"
"2025-10-22T23:05:00Z","logan.bell","sess_j2k3l4","model_qtzalcoatl"
"2025-10-22T23:05:00Z","logan.bell","sess_j2k3l4","model_querybuilder_lite"
"2025-10-22T23:05:00Z","logan.bell","sess_j2k3l4","model_reasonnet_1.3"
"2025-10-22T23:05:00Z","logan.bell","sess_j2k3l4","model_summarizer_x"
"2025-10-22T23:05:00Z","logan.bell","sess_j2k3l4","model_syntaxnet_v4"
"2025-10-22T23:05:00Z","logan.bell","sess_j2k3l4","model_textgen_alpha"
"2025-10-22T23:10:00Z",jtran,"sess_j2k3l4","model_grammarfixer_pro"
"2025-10-22T23:10:00Z",jtran,"sess_j2k3l4","model_ideation_core"
"2025-10-22T23:10:00Z",jtran,"sess_j2k3l4","model_nlp_parser_v2"
"2025-10-22T23:10:00Z",jtran,"sess_j2k3l4","model_promptengine_beta"
"2025-10-22T23:10:00Z",jtran,"sess_j2k3l4","model_qtzalcoatl"
"2025-10-22T23:10:00Z",jtran,"sess_j2k3l4","model_querybuilder_lite"
"2025-10-22T23:10:00Z",jtran,"sess_j2k3l4","model_reasonnet_1.3"
"2025-10-22T23:10:00Z",jtran,"sess_j2k3l4","model_summarizer_x"
"2025-10-22T23:10:00Z",jtran,"sess_j2k3l4","model_syntaxnet_v4"
"2025-10-22T23:10:00Z",jtran,"sess_j2k3l4","model_textgen_alpha"
"2025-10-22T23:15:00Z","maria.gomez","sess_m5n6o7","model_grammarfixer_pro"
"2025-10-22T23:15:00Z","maria.gomez","sess_m5n6o7","model_ideation_core"
"2025-10-22T23:15:00Z","maria.gomez","sess_m5n6o7","model_nlp_parser_v2"
"2025-10-22T23:15:00Z","maria.gomez","sess_m5n6o7","model_promptengine_beta"
"2025-10-22T23:15:00Z","maria.gomez","sess_m5n6o7","model_qtzalcoatl"
"2025-10-22T23:15:00Z","maria.gomez","sess_m5n6o7","model_querybuilder_lite"
"2025-10-22T23:15:00Z","maria.gomez","sess_m5n6o7","model_reasonnet_1.3"
"2025-10-22T23:15:00Z","maria.gomez","sess_m5n6o7","model_summarizer_x"
"2025-10-22T23:15:00Z","maria.gomez","sess_m5n6o7","model_syntaxnet_v4"
"2025-10-22T23:15:00Z","maria.gomez","sess_m5n6o7","model_textgen_alpha"
"2025-10-22T23:20:00Z",cyberwolf42,"sess_p8q9r0","model_grammarfixer_pro"
"2025-10-22T23:20:00Z",cyberwolf42,"sess_p8q9r0","model_ideation_core"
"2025-10-22T23:20:00Z",cyberwolf42,"sess_p8q9r0","model_nlp_parser_v2"
"2025-10-22T23:20:00Z",cyberwolf42,"sess_p8q9r0","model_promptengine_beta"
"2025-10-22T23:20:00Z",cyberwolf42,"sess_p8q9r0","model_qtzalcoatl"
"2025-10-22T23:20:00Z",cyberwolf42,"sess_p8q9r0","model_querybuilder_lite"
"2025-10-22T23:20:00Z",cyberwolf42,"sess_p8q9r0","model_reasonnet_1.3"
"2025-10-22T23:20:00Z",cyberwolf42,"sess_p8q9r0","model_summarizer_x"
"2025-10-22T23:20:00Z",cyberwolf42,"sess_p8q9r0","model_syntaxnet_v4"
"2025-10-22T23:20:00Z",cyberwolf42,"sess_p8q9r0","model_textgen_alpha"
"2025-10-22T23:25:00Z","elena.vault","sess_s1t2u3","model_grammarfixer_pro"
"2025-10-22T23:25:00Z","elena.vault","sess_s1t2u3","model_ideation_core"
"2025-10-22T23:25:00Z","elena.vault","sess_s1t2u3","model_nlp_parser_v2"
"2025-10-22T23:25:00Z","elena.vault","sess_s1t2u3","model_promptengine_beta"
"2025-10-22T23:25:00Z","elena.vault","sess_s1t2u3","model_qtzalcoatl"
"2025-10-22T23:25:00Z","elena.vault","sess_s1t2u3","model_querybuilder_lite"
"2025-10-22T23:25:00Z","elena.vault","sess_s1t2u3","model_reasonnet_1.3"
"2025-10-22T23:25:00Z","elena.vault","sess_s1t2u3","model_summarizer_x"
"2025-10-22T23:25:00Z","elena.vault","sess_s1t2u3","model_syntaxnet_v4"
"2025-10-22T23:25:00Z","elena.vault","sess_s1t2u3","model_textgen_alpha"
"2025-10-22T23:30:00Z",hexhunter,"sess_v4w5x6","model_grammarfixer_pro"
"2025-10-22T23:30:00Z",hexhunter,"sess_v4w5x6","model_ideation_core"
"2025-10-22T23:30:00Z",hexhunter,"sess_v4w5x6","model_nlp_parser_v2"
"2025-10-22T23:30:00Z",hexhunter,"sess_v4w5x6","model_promptengine_beta"
"2025-10-22T23:30:00Z",hexhunter,"sess_v4w5x6","model_qtzalcoatl"
"2025-10-22T23:30:00Z",hexhunter,"sess_v4w5x6","model_querybuilder_lite"
"2025-10-22T23:30:00Z",hexhunter,"sess_v4w5x6","model_reasonnet_1.3"
"2025-10-22T23:30:00Z",hexhunter,"sess_v4w5x6","model_summarizer_x"
"2025-10-22T23:30:00Z",hexhunter,"sess_v4w5x6","model_syntaxnet_v4"
"2025-10-22T23:30:00Z",hexhunter,"sess_v4w5x6","model_textgen_alpha"
"2025-10-22T23:35:00Z","kevin.choi","sess_y7z8a9","model_grammarfixer_pro"
"2025-10-22T23:35:00Z","kevin.choi","sess_y7z8a9","model_ideation_core"
"2025-10-22T23:35:00Z","kevin.choi","sess_y7z8a9","model_nlp_parser_v2"
"2025-10-22T23:35:00Z","kevin.choi","sess_y7z8a9","model_promptengine_beta"
"2025-10-22T23:35:00Z","kevin.choi","sess_y7z8a9","model_qtzalcoatl"
"2025-10-22T23:35:00Z","kevin.choi","sess_y7z8a9","model_querybuilder_lite"
"2025-10-22T23:35:00Z","kevin.choi","sess_y7z8a9","model_reasonnet_1.3"
"2025-10-22T23:35:00Z","kevin.choi","sess_y7z8a9","model_summarizer_x"
"2025-10-22T23:35:00Z","kevin.choi","sess_y7z8a9","model_syntaxnet_v4"
"2025-10-22T23:35:00Z","kevin.choi","sess_y7z8a9","model_textgen_alpha"
"2025-10-22T23:40:00Z","alina.k","sess_b2c3d4","model_grammarfixer_pro"
"2025-10-22T23:40:00Z","alina.k","sess_b2c3d4","model_ideation_core"
"2025-10-22T23:40:00Z","alina.k","sess_b2c3d4","model_nlp_parser_v2"
"2025-10-22T23:40:00Z","alina.k","sess_b2c3d4","model_promptengine_beta"
"2025-10-22T23:40:00Z","alina.k","sess_b2c3d4","model_qtzalcoatl"
"2025-10-22T23:40:00Z","alina.k","sess_b2c3d4","model_querybuilder_lite"
"2025-10-22T23:40:00Z","alina.k","sess_b2c3d4","model_reasonnet_1.3"
"2025-10-22T23:40:00Z","alina.k","sess_b2c3d4","model_summarizer_x"
"2025-10-22T23:40:00Z","alina.k","sess_b2c3d4","model_syntaxnet_v4"
"2025-10-22T23:40:00Z","alina.k","sess_b2c3d4","model_textgen_alpha"
"2025-10-22T23:45:00Z","brandon.ng","sess_e5f6g7","model_grammarfixer_pro"
"2025-10-22T23:45:00Z","brandon.ng","sess_e5f6g7","model_ideation_core"
"2025-10-22T23:45:00Z","brandon.ng","sess_e5f6g7","model_nlp_parser_v2"
"2025-10-22T23:45:00Z","brandon.ng","sess_e5f6g7","model_promptengine_beta"
"2025-10-22T23:45:00Z","brandon.ng","sess_e5f6g7","model_qtzalcoatl"
"2025-10-22T23:45:00Z","brandon.ng","sess_e5f6g7","model_querybuilder_lite"
"2025-10-22T23:45:00Z","brandon.ng","sess_e5f6g7","model_reasonnet_1.3"
"2025-10-22T23:45:00Z","brandon.ng","sess_e5f6g7","model_summarizer_x"
"2025-10-22T23:45:00Z","brandon.ng","sess_e5f6g7","model_syntaxnet_v4"
"2025-10-22T23:45:00Z","brandon.ng","sess_e5f6g7","model_textgen_alpha"
"2025-10-22T23:50:00Z","zoe.miller","sess_h8i9j0","model_grammarfixer_pro"
"2025-10-22T23:50:00Z","zoe.miller","sess_h8i9j0","model_ideation_core"
"2025-10-22T23:50:00Z","zoe.miller","sess_h8i9j0","model_nlp_parser_v2"
"2025-10-22T23:50:00Z","zoe.miller","sess_h8i9j0","model_promptengine_beta"
"2025-10-22T23:50:00Z","zoe.miller","sess_h8i9j0","model_qtzalcoatl"
"2025-10-22T23:50:00Z","zoe.miller","sess_h8i9j0","model_querybuilder_lite"
"2025-10-22T23:50:00Z","zoe.miller","sess_h8i9j0","model_reasonnet_1.3"
"2025-10-22T23:50:00Z","zoe.miller","sess_h8i9j0","model_summarizer_x"
"2025-10-22T23:50:00Z","zoe.miller","sess_h8i9j0","model_syntaxnet_v4"
"2025-10-22T23:50:00Z","zoe.miller","sess_h8i9j0","model_textgen_alpha"
"2025-10-22T23:55:00Z","liam.diaz","sess_k1l2m3","model_grammarfixer_pro"
"2025-10-22T23:55:00Z","liam.diaz","sess_k1l2m3","model_ideation_core"
"2025-10-22T23:55:00Z","liam.diaz","sess_k1l2m3","model_nlp_parser_v2"
"2025-10-22T23:55:00Z","liam.diaz","sess_k1l2m3","model_promptengine_beta"
"2025-10-22T23:55:00Z","liam.diaz","sess_k1l2m3","model_qtzalcoatl"
"2025-10-22T23:55:00Z","liam.diaz","sess_k1l2m3","model_querybuilder_lite"
"2025-10-22T23:55:00Z","liam.diaz","sess_k1l2m3","model_reasonnet_1.3"
"2025-10-22T23:55:00Z","liam.diaz","sess_k1l2m3","model_summarizer_x"
"2025-10-22T23:55:00Z","liam.diaz","sess_k1l2m3","model_syntaxnet_v4"
"2025-10-22T23:55:00Z","liam.diaz","sess_k1l2m3","model_textgen_alpha"
"2025-10-23T00:00:00Z","sasha.ren","sess_n4o5p6","model_grammarfixer_pro"
"2025-10-23T00:00:00Z","sasha.ren","sess_n4o5p6","model_ideation_core"
"2025-10-23T00:00:00Z","sasha.ren","sess_n4o5p6","model_nlp_parser_v2"
"2025-10-23T00:00:00Z","sasha.ren","sess_n4o5p6","model_promptengine_beta"
"2025-10-23T00:00:00Z","sasha.ren","sess_n4o5p6","model_qtzalcoatl"
"2025-10-23T00:00:00Z","sasha.ren","sess_n4o5p6","model_querybuilder_lite"
"2025-10-23T00:00:00Z","sasha.ren","sess_n4o5p6","model_reasonnet_1.3"
"2025-10-23T00:00:00Z","sasha.ren","sess_n4o5p6","model_summarizer_x"
"2025-10-23T00:00:00Z","sasha.ren","sess_n4o5p6","model_syntaxnet_v4"
"2025-10-23T00:00:00Z","sasha.ren","sess_n4o5p6","model_textgen_alpha"
"2025-10-23T00:05:00Z","omar.khan","sess_q7r8s9","model_grammarfixer_pro"
"2025-10-23T00:05:00Z","omar.khan","sess_q7r8s9","model_ideation_core"
"2025-10-23T00:05:00Z","omar.khan","sess_q7r8s9","model_nlp_parser_v2"
"2025-10-23T00:05:00Z","omar.khan","sess_q7r8s9","model_promptengine_beta"
"2025-10-23T00:05:00Z","omar.khan","sess_q7r8s9","model_qtzalcoatl"
"2025-10-23T00:05:00Z","omar.khan","sess_q7r8s9","model_querybuilder_lite"
"2025-10-23T00:05:00Z","omar.khan","sess_q7r8s9","model_reasonnet_1.3"
"2025-10-23T00:05:00Z","omar.khan","sess_q7r8s9","model_summarizer_x"
"2025-10-23T00:05:00Z","omar.khan","sess_q7r8s9","model_syntaxnet_v4"
"2025-10-23T00:05:00Z","omar.khan","sess_q7r8s9","model_textgen_alpha"
"2025-10-23T00:10:00Z","ivy.chen","sess_t0u1v2","model_grammarfixer_pro"
"2025-10-23T00:10:00Z","ivy.chen","sess_t0u1v2","model_ideation_core"
"2025-10-23T00:10:00Z","ivy.chen","sess_t0u1v2","model_nlp_parser_v2"
"2025-10-23T00:10:00Z","ivy.chen","sess_t0u1v2","model_promptengine_beta"
"2025-10-23T00:10:00Z","ivy.chen","sess_t0u1v2","model_qtzalcoatl"
"2025-10-23T00:10:00Z","ivy.chen","sess_t0u1v2","model_querybuilder_lite"
"2025-10-23T00:10:00Z","ivy.chen","sess_t0u1v2","model_reasonnet_1.3"
"2025-10-23T00:10:00Z","ivy.chen","sess_t0u1v2","model_summarizer_x"
"2025-10-23T00:10:00Z","ivy.chen","sess_t0u1v2","model_syntaxnet_v4"
"2025-10-23T00:10:00Z","ivy.chen","sess_t0u1v2","model_textgen_alpha"
"2025-10-23T00:15:00Z","daniel.ross","sess_w3x4y5","model_grammarfixer_pro"
"2025-10-23T00:15:00Z","daniel.ross","sess_w3x4y5","model_ideation_core"
"2025-10-23T00:15:00Z","daniel.ross","sess_w3x4y5","model_nlp_parser_v2"
"2025-10-23T00:15:00Z","daniel.ross","sess_w3x4y5","model_promptengine_beta"
"2025-10-23T00:15:00Z","daniel.ross","sess_w3x4y5","model_qtzalcoatl"
"2025-10-23T00:15:00Z","daniel.ross","sess_w3x4y5","model_querybuilder_lite"
"2025-10-23T00:15:00Z","daniel.ross","sess_w3x4y5","model_reasonnet_1.3"
"2025-10-23T00:15:00Z","daniel.ross","sess_w3x4y5","model_summarizer_x"
"2025-10-23T00:15:00Z","daniel.ross","sess_w3x4y5","model_syntaxnet_v4"
"2025-10-23T00:15:00Z","daniel.ross","sess_w3x4y5","model_textgen_alpha"
"2025-10-23T00:20:00Z","megan.lee","sess_z6a7b8","model_grammarfixer_pro"
"2025-10-23T00:20:00Z","megan.lee","sess_z6a7b8","model_ideation_core"
"2025-10-23T00:20:00Z","megan.lee","sess_z6a7b8","model_nlp_parser_v2"
"2025-10-23T00:20:00Z","megan.lee","sess_z6a7b8","model_promptengine_beta"
"2025-10-23T00:20:00Z","megan.lee","sess_z6a7b8","model_qtzalcoatl"
"2025-10-23T00:20:00Z","megan.lee","sess_z6a7b8","model_querybuilder_lite"
"2025-10-23T00:20:00Z","megan.lee","sess_z6a7b8","model_reasonnet_1.3"
"2025-10-23T00:20:00Z","megan.lee","sess_z6a7b8","model_summarizer_x"
"2025-10-23T00:20:00Z","megan.lee","sess_z6a7b8","model_syntaxnet_v4"
"2025-10-23T00:20:00Z","megan.lee","sess_z6a7b8","model_textgen_alpha"
"2025-10-23T00:25:00Z","tyler.james","sess_c9d0e1","model_grammarfixer_pro"
"2025-10-23T00:25:00Z","tyler.james","sess_c9d0e1","model_ideation_core"
"2025-10-23T00:25:00Z","tyler.james","sess_c9d0e1","model_nlp_parser_v2"
"2025-10-23T00:25:00Z","tyler.james","sess_c9d0e1","model_promptengine_beta"
"2025-10-23T00:25:00Z","tyler.james","sess_c9d0e1","model_qtzalcoatl"
"2025-10-23T00:25:00Z","tyler.james","sess_c9d0e1","model_querybuilder_lite"
"2025-10-23T00:25:00Z","tyler.james","sess_c9d0e1","model_reasonnet_1.3"
"2025-10-23T00:25:00Z","tyler.james","sess_c9d0e1","model_summarizer_x"
"2025-10-23T00:25:00Z","tyler.james","sess_c9d0e1","model_syntaxnet_v4"
"2025-10-23T00:25:00Z","tyler.james","sess_c9d0e1","model_textgen_alpha"
"2025-10-23T00:30:00Z","anika.singh","sess_f2g3h4","model_grammarfixer_pro"
"2025-10-23T00:30:00Z","anika.singh","sess_f2g3h4","model_ideation_core"
"2025-10-23T00:30:00Z","anika.singh","sess_f2g3h4","model_nlp_parser_v2"
"2025-10-23T00:30:00Z","anika.singh","sess_f2g3h4","model_promptengine_beta"
"2025-10-23T00:30:00Z","anika.singh","sess_f2g3h4","model_qtzalcoatl"
"2025-10-23T00:30:00Z","anika.singh","sess_f2g3h4","model_querybuilder_lite"
"2025-10-23T00:30:00Z","anika.singh","sess_f2g3h4","model_reasonnet_1.3"
"2025-10-23T00:30:00Z","anika.singh","sess_f2g3h4","model_summarizer_x"
"2025-10-23T00:30:00Z","anika.singh","sess_f2g3h4","model_syntaxnet_v4"
"2025-10-23T00:30:00Z","anika.singh","sess_f2g3h4","model_textgen_alpha"
"2025-10-23T00:35:00Z","leo.martin","sess_i5j6k7","model_grammarfixer_pro"
"2025-10-23T00:35:00Z","leo.martin","sess_i5j6k7","model_ideation_core"
"2025-10-23T00:35:00Z","leo.martin","sess_i5j6k7","model_nlp_parser_v2"
"2025-10-23T00:35:00Z","leo.martin","sess_i5j6k7","model_promptengine_beta"
"2025-10-23T00:35:00Z","leo.martin","sess_i5j6k7","model_qtzalcoatl"
"2025-10-23T00:35:00Z","leo.martin","sess_i5j6k7","model_querybuilder_lite"
"2025-10-23T00:35:00Z","leo.martin","sess_i5j6k7","model_reasonnet_1.3"
"2025-10-23T00:35:00Z","leo.martin","sess_i5j6k7","model_summarizer_x"
"2025-10-23T00:35:00Z","leo.martin","sess_i5j6k7","model_syntaxnet_v4"
"2025-10-23T00:35:00Z","leo.martin","sess_i5j6k7","model_textgen_alpha"
"2025-10-23T00:40:00Z","grace.huang","sess_l8m9n0","model_grammarfixer_pro"
"2025-10-23T00:40:00Z","grace.huang","sess_l8m9n0","model_ideation_core"
"2025-10-23T00:40:00Z","grace.huang","sess_l8m9n0","model_nlp_parser_v2"
"2025-10-23T00:40:00Z","grace.huang","sess_l8m9n0","model_promptengine_beta"
"2025-10-23T00:40:00Z","grace.huang","sess_l8m9n0","model_qtzalcoatl"
"2025-10-23T00:40:00Z","grace.huang","sess_l8m9n0","model_querybuilder_lite"
"2025-10-23T00:40:00Z","grace.huang","sess_l8m9n0","model_reasonnet_1.3"
"2025-10-23T00:40:00Z","grace.huang","sess_l8m9n0","model_summarizer_x"
"2025-10-23T00:40:00Z","grace.huang","sess_l8m9n0","model_syntaxnet_v4"
"2025-10-23T00:40:00Z","grace.huang","sess_l8m9n0","model_textgen_alpha"
"2025-10-23T00:45:00Z","aaron.cho","sess_o1p2q3","model_grammarfixer_pro"
"2025-10-23T00:45:00Z","aaron.cho","sess_o1p2q3","model_ideation_core"
"2025-10-23T00:45:00Z","aaron.cho","sess_o1p2q3","model_nlp_parser_v2"
"2025-10-23T00:45:00Z","aaron.cho","sess_o1p2q3","model_promptengine_beta"
"2025-10-23T00:45:00Z","aaron.cho","sess_o1p2q3","model_qtzalcoatl"
"2025-10-23T00:45:00Z","aaron.cho","sess_o1p2q3","model_querybuilder_lite"
"2025-10-23T00:45:00Z","aaron.cho","sess_o1p2q3","model_reasonnet_1.3"
"2025-10-23T00:45:00Z","aaron.cho","sess_o1p2q3","model_summarizer_x"
"2025-10-23T00:45:00Z","aaron.cho","sess_o1p2q3","model_syntaxnet_v4"
"2025-10-23T00:45:00Z","aaron.cho","sess_o1p2q3","model_textgen_alpha"
"2025-10-23T00:50:00Z","emily.nguyen","sess_r4s5t6","model_grammarfixer_pro"
"2025-10-23T00:50:00Z","emily.nguyen","sess_r4s5t6","model_ideation_core"
"2025-10-23T00:50:00Z","emily.nguyen","sess_r4s5t6","model_nlp_parser_v2"
"2025-10-23T00:50:00Z","emily.nguyen","sess_r4s5t6","model_promptengine_beta"
"2025-10-23T00:50:00Z","emily.nguyen","sess_r4s5t6","model_qtzalcoatl"
"2025-10-23T00:50:00Z","emily.nguyen","sess_r4s5t6","model_querybuilder_lite"
"2025-10-23T00:50:00Z","emily.nguyen","sess_r4s5t6","model_reasonnet_1.3"
"2025-10-23T00:50:00Z","emily.nguyen","sess_r4s5t6","model_summarizer_x"
"2025-10-23T00:50:00Z","emily.nguyen","sess_r4s5t6","model_syntaxnet_v4"
"2025-10-23T00:50:00Z","emily.nguyen","sess_r4s5t6","model_textgen_alpha"
"2025-10-23T00:55:00Z","ryan.kim","sess_u7v8w9","model_grammarfixer_pro"
"2025-10-23T00:55:00Z","ryan.kim","sess_u7v8w9","model_ideation_core"
"2025-10-23T00:55:00Z","ryan.kim","sess_u7v8w9","model_nlp_parser_v2"
"2025-10-23T00:55:00Z","ryan.kim","sess_u7v8w9","model_promptengine_beta"
"2025-10-23T00:55:00Z","ryan.kim","sess_u7v8w9","model_qtzalcoatl"
"2025-10-23T00:55:00Z","ryan.kim","sess_u7v8w9","model_querybuilder_lite"
"2025-10-23T00:55:00Z","ryan.kim","sess_u7v8w9","model_reasonnet_1.3"
"2025-10-23T00:55:00Z","ryan.kim","sess_u7v8w9","model_summarizer_x"
"2025-10-23T00:55:00Z","ryan.kim","sess_u7v8w9","model_syntaxnet_v4"
"2025-10-23T00:55:00Z","ryan.kim","sess_u7v8w9","model_textgen_alpha"
"2025-10-23T01:00:00Z","nina.patel","sess_x0y1z2","model_grammarfixer_pro"
"2025-10-23T01:00:00Z","nina.patel","sess_x0y1z2","model_ideation_core"
"2025-10-23T01:00:00Z","nina.patel","sess_x0y1z2","model_nlp_parser_v2"
"2025-10-23T01:00:00Z","nina.patel","sess_x0y1z2","model_promptengine_beta"
"2025-10-23T01:00:00Z","nina.patel","sess_x0y1z2","model_qtzalcoatl"
"2025-10-23T01:00:00Z","nina.patel","sess_x0y1z2","model_querybuilder_lite"
"2025-10-23T01:00:00Z","nina.patel","sess_x0y1z2","model_reasonnet_1.3"
"2025-10-23T01:00:00Z","nina.patel","sess_x0y1z2","model_summarizer_x"
"2025-10-23T01:00:00Z","nina.patel","sess_x0y1z2","model_syntaxnet_v4"
"2025-10-23T01:00:00Z","nina.patel","sess_x0y1z2","model_textgen_alpha"
"2025-10-23T01:05:00Z","ethan.wood","sess_a3b4c5","model_grammarfixer_pro"
"2025-10-23T01:05:00Z","ethan.wood","sess_a3b4c5","model_ideation_core"
"2025-10-23T01:05:00Z","ethan.wood","sess_a3b4c5","model_nlp_parser_v2"
"2025-10-23T01:05:00Z","ethan.wood","sess_a3b4c5","model_promptengine_beta"
"2025-10-23T01:05:00Z","ethan.wood","sess_a3b4c5","model_qtzalcoatl"
"2025-10-23T01:05:00Z","ethan.wood","sess_a3b4c5","model_querybuilder_lite"
"2025-10-23T01:05:00Z","ethan.wood","sess_a3b4c5","model_reasonnet_1.3"
"2025-10-23T01:05:00Z","ethan.wood","sess_a3b4c5","model_summarizer_x"
"2025-10-23T01:05:00Z","ethan.wood","sess_a3b4c5","model_syntaxnet_v4"
"2025-10-23T01:05:00Z","ethan.wood","sess_a3b4c5","model_textgen_alpha"
"2025-10-23T01:10:00Z","sofia.ali","sess_d6e7f8","model_grammarfixer_pro"
"2025-10-23T01:10:00Z","sofia.ali","sess_d6e7f8","model_ideation_core"
"2025-10-23T01:10:00Z","sofia.ali","sess_d6e7f8","model_nlp_parser_v2"
"2025-10-23T01:10:00Z","sofia.ali","sess_d6e7f8","model_promptengine_beta"
"2025-10-23T01:10:00Z","sofia.ali","sess_d6e7f8","model_qtzalcoatl"
"2025-10-23T01:10:00Z","sofia.ali","sess_d6e7f8","model_querybuilder_lite"
"2025-10-23T01:10:00Z","sofia.ali","sess_d6e7f8","model_reasonnet_1.3"
"2025-10-23T01:10:00Z","sofia.ali","sess_d6e7f8","model_summarizer_x"
"2025-10-23T01:10:00Z","sofia.ali","sess_d6e7f8","model_syntaxnet_v4"
"2025-10-23T01:10:00Z","sofia.ali","sess_d6e7f8","model_textgen_alpha"
"2025-10-23T01:15:00Z","logan.bell","sess_g9h0i1","model_grammarfixer_pro"
"2025-10-23T01:15:00Z","logan.bell","sess_g9h0i1","model_ideation_core"
"2025-10-23T01:15:00Z","logan.bell","sess_g9h0i1","model_nlp_parser_v2"
"2025-10-23T01:15:00Z","logan.bell","sess_g9h0i1","model_promptengine_beta"
"2025-10-23T01:15:00Z","logan.bell","sess_g9h0i1","model_qtzalcoatl"
"2025-10-23T01:15:00Z","logan.bell","sess_g9h0i1","model_querybuilder_lite"
"2025-10-23T01:15:00Z","logan.bell","sess_g9h0i1","model_reasonnet_1.3"
"2025-10-23T01:15:00Z","logan.bell","sess_g9h0i1","model_summarizer_x"
"2025-10-23T01:15:00Z","logan.bell","sess_g9h0i1","model_syntaxnet_v4"
"2025-10-23T01:15:00Z","logan.bell","sess_g9h0i1","model_textgen_alpha"
"2025-10-23T01:20:00Z",jtran,"sess_j2k3l4","model_grammarfixer_pro"
"2025-10-23T01:20:00Z",jtran,"sess_j2k3l4","model_ideation_core"
"2025-10-23T01:20:00Z",jtran,"sess_j2k3l4","model_nlp_parser_v2"
"2025-10-23T01:20:00Z",jtran,"sess_j2k3l4","model_promptengine_beta"
"2025-10-23T01:20:00Z",jtran,"sess_j2k3l4","model_qtzalcoatl"
"2025-10-23T01:20:00Z",jtran,"sess_j2k3l4","model_querybuilder_lite"
"2025-10-23T01:20:00Z",jtran,"sess_j2k3l4","model_reasonnet_1.3"
"2025-10-23T01:20:00Z",jtran,"sess_j2k3l4","model_summarizer_x"
"2025-10-23T01:20:00Z",jtran,"sess_j2k3l4","model_syntaxnet_v4"
"2025-10-23T01:20:00Z",jtran,"sess_j2k3l4","model_textgen_alpha"
"2025-10-23T01:25:00Z","maria.gomez","sess_m5n6o7","model_grammarfixer_pro"
"2025-10-23T01:25:00Z","maria.gomez","sess_m5n6o7","model_ideation_core"
"2025-10-23T01:25:00Z","maria.gomez","sess_m5n6o7","model_nlp_parser_v2"
"2025-10-23T01:25:00Z","maria.gomez","sess_m5n6o7","model_promptengine_beta"
"2025-10-23T01:25:00Z","maria.gomez","sess_m5n6o7","model_qtzalcoatl"
"2025-10-23T01:25:00Z","maria.gomez","sess_m5n6o7","model_querybuilder_lite"
"2025-10-23T01:25:00Z","maria.gomez","sess_m5n6o7","model_reasonnet_1.3"
"2025-10-23T01:25:00Z","maria.gomez","sess_m5n6o7","model_summarizer_x"
"2025-10-23T01:25:00Z","maria.gomez","sess_m5n6o7","model_syntaxnet_v4"
"2025-10-23T01:25:00Z","maria.gomez","sess_m5n6o7","model_textgen_alpha"
"2025-10-23T01:30:00Z",cyberwolf42,"sess_p8q9r0","model_grammarfixer_pro"
"2025-10-23T01:30:00Z",cyberwolf42,"sess_p8q9r0","model_ideation_core"
"2025-10-23T01:30:00Z",cyberwolf42,"sess_p8q9r0","model_nlp_parser_v2"
"2025-10-23T01:30:00Z",cyberwolf42,"sess_p8q9r0","model_promptengine_beta"
"2025-10-23T01:30:00Z",cyberwolf42,"sess_p8q9r0","model_qtzalcoatl"
"2025-10-23T01:30:00Z",cyberwolf42,"sess_p8q9r0","model_querybuilder_lite"
"2025-10-23T01:30:00Z",cyberwolf42,"sess_p8q9r0","model_reasonnet_1.3"
"2025-10-23T01:30:00Z",cyberwolf42,"sess_p8q9r0","model_summarizer_x"
"2025-10-23T01:30:00Z",cyberwolf42,"sess_p8q9r0","model_syntaxnet_v4"
"2025-10-23T01:30:00Z",cyberwolf42,"sess_p8q9r0","model_textgen_alpha"
"2025-10-23T01:35:00Z","elena.vault","sess_s1t2u3","model_grammarfixer_pro"
"2025-10-23T01:35:00Z","elena.vault","sess_s1t2u3","model_ideation_core"
"2025-10-23T01:35:00Z","elena.vault","sess_s1t2u3","model_nlp_parser_v2"
"2025-10-23T01:35:00Z","elena.vault","sess_s1t2u3","model_promptengine_beta"
"2025-10-23T01:35:00Z","elena.vault","sess_s1t2u3","model_qtzalcoatl"
"2025-10-23T01:35:00Z","elena.vault","sess_s1t2u3","model_querybuilder_lite"
"2025-10-23T01:35:00Z","elena.vault","sess_s1t2u3","model_reasonnet_1.3"
"2025-10-23T01:35:00Z","elena.vault","sess_s1t2u3","model_summarizer_x"
"2025-10-23T01:35:00Z","elena.vault","sess_s1t2u3","model_syntaxnet_v4"
"2025-10-23T01:35:00Z","elena.vault","sess_s1t2u3","model_textgen_alpha"
"2025-10-23T01:40:00Z",hexhunter,"sess_v4w5x6","model_grammarfixer_pro"
"2025-10-23T01:40:00Z",hexhunter,"sess_v4w5x6","model_ideation_core"
"2025-10-23T01:40:00Z",hexhunter,"sess_v4w5x6","model_nlp_parser_v2"
"2025-10-23T01:40:00Z",hexhunter,"sess_v4w5x6","model_promptengine_beta"
"2025-10-23T01:40:00Z",hexhunter,"sess_v4w5x6","model_qtzalcoatl"
"2025-10-23T01:40:00Z",hexhunter,"sess_v4w5x6","model_querybuilder_lite"
"2025-10-23T01:40:00Z",hexhunter,"sess_v4w5x6","model_reasonnet_1.3"
"2025-10-23T01:40:00Z",hexhunter,"sess_v4w5x6","model_summarizer_x"
"2025-10-23T01:40:00Z",hexhunter,"sess_v4w5x6","model_syntaxnet_v4"
"2025-10-23T01:40:00Z",hexhunter,"sess_v4w5x6","model_textgen_alpha"
"2025-10-23T01:45:00Z","kevin.choi","sess_y7z8a9","model_grammarfixer_pro"
"2025-10-23T01:45:00Z","kevin.choi","sess_y7z8a9","model_ideation_core"
"2025-10-23T01:45:00Z","kevin.choi","sess_y7z8a9","model_nlp_parser_v2"
"2025-10-23T01:45:00Z","kevin.choi","sess_y7z8a9","model_promptengine_beta"
"2025-10-23T01:45:00Z","kevin.choi","sess_y7z8a9","model_qtzalcoatl"
"2025-10-23T01:45:00Z","kevin.choi","sess_y7z8a9","model_querybuilder_lite"
"2025-10-23T01:45:00Z","kevin.choi","sess_y7z8a9","model_reasonnet_1.3"
"2025-10-23T01:45:00Z","kevin.choi","sess_y7z8a9","model_summarizer_x"
"2025-10-23T01:45:00Z","kevin.choi","sess_y7z8a9","model_syntaxnet_v4"
"2025-10-23T01:45:00Z","kevin.choi","sess_y7z8a9","model_textgen_alpha"
"2025-10-23T01:50:00Z","alina.k","sess_b2c3d4","model_grammarfixer_pro"
"2025-10-23T01:50:00Z","alina.k","sess_b2c3d4","model_ideation_core"
"2025-10-23T01:50:00Z","alina.k","sess_b2c3d4","model_nlp_parser_v2"
"2025-10-23T01:50:00Z","alina.k","sess_b2c3d4","model_promptengine_beta"
"2025-10-23T01:50:00Z","alina.k","sess_b2c3d4","model_qtzalcoatl"
"2025-10-23T01:50:00Z","alina.k","sess_b2c3d4","model_querybuilder_lite"
"2025-10-23T01:50:00Z","alina.k","sess_b2c3d4","model_reasonnet_1.3"
"2025-10-23T01:50:00Z","alina.k","sess_b2c3d4","model_summarizer_x"
"2025-10-23T01:50:00Z","alina.k","sess_b2c3d4","model_syntaxnet_v4"
"2025-10-23T01:50:00Z","alina.k","sess_b2c3d4","model_textgen_alpha"
"2025-10-23T01:55:00Z","brandon.ng","sess_e5f6g7","model_grammarfixer_pro"
"2025-10-23T01:55:00Z","brandon.ng","sess_e5f6g7","model_ideation_core"
"2025-10-23T01:55:00Z","brandon.ng","sess_e5f6g7","model_nlp_parser_v2"
"2025-10-23T01:55:00Z","brandon.ng","sess_e5f6g7","model_promptengine_beta"
"2025-10-23T01:55:00Z","brandon.ng","sess_e5f6g7","model_qtzalcoatl"
"2025-10-23T01:55:00Z","brandon.ng","sess_e5f6g7","model_querybuilder_lite"
"2025-10-23T01:55:00Z","brandon.ng","sess_e5f6g7","model_reasonnet_1.3"
"2025-10-23T01:55:00Z","brandon.ng","sess_e5f6g7","model_summarizer_x"
"2025-10-23T01:55:00Z","brandon.ng","sess_e5f6g7","model_syntaxnet_v4"
"2025-10-23T01:55:00Z","brandon.ng","sess_e5f6g7","model_textgen_alpha"
"2025-10-23T02:00:00Z","zoe.miller","sess_h8i9j0","model_grammarfixer_pro"
"2025-10-23T02:00:00Z","zoe.miller","sess_h8i9j0","model_ideation_core"
"2025-10-23T02:00:00Z","zoe.miller","sess_h8i9j0","model_nlp_parser_v2"
"2025-10-23T02:00:00Z","zoe.miller","sess_h8i9j0","model_promptengine_beta"
"2025-10-23T02:00:00Z","zoe.miller","sess_h8i9j0","model_qtzalcoatl"
"2025-10-23T02:00:00Z","zoe.miller","sess_h8i9j0","model_querybuilder_lite"
"2025-10-23T02:00:00Z","zoe.miller","sess_h8i9j0","model_reasonnet_1.3"
"2025-10-23T02:00:00Z","zoe.miller","sess_h8i9j0","model_summarizer_x"
"2025-10-23T02:00:00Z","zoe.miller","sess_h8i9j0","model_syntaxnet_v4"
"2025-10-23T02:00:00Z","zoe.miller","sess_h8i9j0","model_textgen_alpha"
"2025-10-23T02:05:00Z","liam.diaz","sess_k1l2m3","model_grammarfixer_pro"
"2025-10-23T02:05:00Z","liam.diaz","sess_k1l2m3","model_ideation_core"
"2025-10-23T02:05:00Z","liam.diaz","sess_k1l2m3","model_nlp_parser_v2"
"2025-10-23T02:05:00Z","liam.diaz","sess_k1l2m3","model_promptengine_beta"
"2025-10-23T02:05:00Z","liam.diaz","sess_k1l2m3","model_qtzalcoatl"
"2025-10-23T02:05:00Z","liam.diaz","sess_k1l2m3","model_querybuilder_lite"
"2025-10-23T02:05:00Z","liam.diaz","sess_k1l2m3","model_reasonnet_1.3"
"2025-10-23T02:05:00Z","liam.diaz","sess_k1l2m3","model_summarizer_x"
"2025-10-23T02:05:00Z","liam.diaz","sess_k1l2m3","model_syntaxnet_v4"
"2025-10-23T02:05:00Z","liam.diaz","sess_k1l2m3","model_textgen_alpha"
"2025-10-23T02:10:00Z","sasha.ren","sess_n4o5p6","model_grammarfixer_pro"
"2025-10-23T02:10:00Z","sasha.ren","sess_n4o5p6","model_ideation_core"
"2025-10-23T02:10:00Z","sasha.ren","sess_n4o5p6","model_nlp_parser_v2"
"2025-10-23T02:10:00Z","sasha.ren","sess_n4o5p6","model_promptengine_beta"
"2025-10-23T02:10:00Z","sasha.ren","sess_n4o5p6","model_qtzalcoatl"
"2025-10-23T02:10:00Z","sasha.ren","sess_n4o5p6","model_querybuilder_lite"
"2025-10-23T02:10:00Z","sasha.ren","sess_n4o5p6","model_reasonnet_1.3"
"2025-10-23T02:10:00Z","sasha.ren","sess_n4o5p6","model_summarizer_x"
"2025-10-23T02:10:00Z","sasha.ren","sess_n4o5p6","model_syntaxnet_v4"
"2025-10-23T02:10:00Z","sasha.ren","sess_n4o5p6","model_textgen_alpha"
"2025-10-23T02:15:00Z","omar.khan","sess_q7r8s9","model_grammarfixer_pro"
"2025-10-23T02:15:00Z","omar.khan","sess_q7r8s9","model_ideation_core"
"2025-10-23T02:15:00Z","omar.khan","sess_q7r8s9","model_nlp_parser_v2"
"2025-10-23T02:15:00Z","omar.khan","sess_q7r8s9","model_promptengine_beta"
"2025-10-23T02:15:00Z","omar.khan","sess_q7r8s9","model_qtzalcoatl"
"2025-10-23T02:15:00Z","omar.khan","sess_q7r8s9","model_querybuilder_lite"
"2025-10-23T02:15:00Z","omar.khan","sess_q7r8s9","model_reasonnet_1.3"
"2025-10-23T02:15:00Z","omar.khan","sess_q7r8s9","model_summarizer_x"
"2025-10-23T02:15:00Z","omar.khan","sess_q7r8s9","model_syntaxnet_v4"
"2025-10-23T02:15:00Z","omar.khan","sess_q7r8s9","model_textgen_alpha"
"2025-10-23T02:20:00Z","ivy.chen","sess_t0u1v2","model_grammarfixer_pro"
"2025-10-23T02:20:00Z","ivy.chen","sess_t0u1v2","model_ideation_core"
"2025-10-23T02:20:00Z","ivy.chen","sess_t0u1v2","model_nlp_parser_v2"
"2025-10-23T02:20:00Z","ivy.chen","sess_t0u1v2","model_promptengine_beta"
"2025-10-23T02:20:00Z","ivy.chen","sess_t0u1v2","model_qtzalcoatl"
"2025-10-23T02:20:00Z","ivy.chen","sess_t0u1v2","model_querybuilder_lite"
"2025-10-23T02:20:00Z","ivy.chen","sess_t0u1v2","model_reasonnet_1.3"
"2025-10-23T02:20:00Z","ivy.chen","sess_t0u1v2","model_summarizer_x"
"2025-10-23T02:20:00Z","ivy.chen","sess_t0u1v2","model_syntaxnet_v4"
"2025-10-23T02:20:00Z","ivy.chen","sess_t0u1v2","model_textgen_alpha"
"2025-10-23T02:25:00Z","daniel.ross","sess_w3x4y5","model_grammarfixer_pro"
"2025-10-23T02:25:00Z","daniel.ross","sess_w3x4y5","model_ideation_core"
"2025-10-23T02:25:00Z","daniel.ross","sess_w3x4y5","model_nlp_parser_v2"
"2025-10-23T02:25:00Z","daniel.ross","sess_w3x4y5","model_promptengine_beta"
"2025-10-23T02:25:00Z","daniel.ross","sess_w3x4y5","model_qtzalcoatl"
"2025-10-23T02:25:00Z","daniel.ross","sess_w3x4y5","model_querybuilder_lite"
"2025-10-23T02:25:00Z","daniel.ross","sess_w3x4y5","model_reasonnet_1.3"
"2025-10-23T02:25:00Z","daniel.ross","sess_w3x4y5","model_summarizer_x"
"2025-10-23T02:25:00Z","daniel.ross","sess_w3x4y5","model_syntaxnet_v4"
"2025-10-23T02:25:00Z","daniel.ross","sess_w3x4y5","model_textgen_alpha"
"2025-10-23T02:30:00Z","megan.lee","sess_z6a7b8","model_grammarfixer_pro"
"2025-10-23T02:30:00Z","megan.lee","sess_z6a7b8","model_ideation_core"
"2025-10-23T02:30:00Z","megan.lee","sess_z6a7b8","model_nlp_parser_v2"
"2025-10-23T02:30:00Z","megan.lee","sess_z6a7b8","model_promptengine_beta"
"2025-10-23T02:30:00Z","megan.lee","sess_z6a7b8","model_qtzalcoatl"
"2025-10-23T02:30:00Z","megan.lee","sess_z6a7b8","model_querybuilder_lite"
"2025-10-23T02:30:00Z","megan.lee","sess_z6a7b8","model_reasonnet_1.3"
"2025-10-23T02:30:00Z","megan.lee","sess_z6a7b8","model_summarizer_x"
"2025-10-23T02:30:00Z","megan.lee","sess_z6a7b8","model_syntaxnet_v4"
"2025-10-23T02:30:00Z","megan.lee","sess_z6a7b8","model_textgen_alpha"
"2025-10-23T02:35:00Z","tyler.james","sess_c9d0e1","model_grammarfixer_pro"
"2025-10-23T02:35:00Z","tyler.james","sess_c9d0e1","model_ideation_core"
"2025-10-23T02:35:00Z","tyler.james","sess_c9d0e1","model_nlp_parser_v2"
"2025-10-23T02:35:00Z","tyler.james","sess_c9d0e1","model_promptengine_beta"
"2025-10-23T02:35:00Z","tyler.james","sess_c9d0e1","model_qtzalcoatl"
"2025-10-23T02:35:00Z","tyler.james","sess_c9d0e1","model_querybuilder_lite"
"2025-10-23T02:35:00Z","tyler.james","sess_c9d0e1","model_reasonnet_1.3"
"2025-10-23T02:35:00Z","tyler.james","sess_c9d0e1","model_summarizer_x"
"2025-10-23T02:35:00Z","tyler.james","sess_c9d0e1","model_syntaxnet_v4"
"2025-10-23T02:35:00Z","tyler.james","sess_c9d0e1","model_textgen_alpha"
"2025-10-23T02:40:00Z","anika.singh","sess_f2g3h4","model_grammarfixer_pro"
"2025-10-23T02:40:00Z","anika.singh","sess_f2g3h4","model_ideation_core"
"2025-10-23T02:40:00Z","anika.singh","sess_f2g3h4","model_nlp_parser_v2"
"2025-10-23T02:40:00Z","anika.singh","sess_f2g3h4","model_promptengine_beta"
"2025-10-23T02:40:00Z","anika.singh","sess_f2g3h4","model_qtzalcoatl"
"2025-10-23T02:40:00Z","anika.singh","sess_f2g3h4","model_querybuilder_lite"
"2025-10-23T02:40:00Z","anika.singh","sess_f2g3h4","model_reasonnet_1.3"
"2025-10-23T02:40:00Z","anika.singh","sess_f2g3h4","model_summarizer_x"
"2025-10-23T02:40:00Z","anika.singh","sess_f2g3h4","model_syntaxnet_v4"
"2025-10-23T02:40:00Z","anika.singh","sess_f2g3h4","model_textgen_alpha"
"2025-10-23T02:45:00Z","leo.martin","sess_i5j6k7","model_grammarfixer_pro"
"2025-10-23T02:45:00Z","leo.martin","sess_i5j6k7","model_ideation_core"
"2025-10-23T02:45:00Z","leo.martin","sess_i5j6k7","model_nlp_parser_v2"
"2025-10-23T02:45:00Z","leo.martin","sess_i5j6k7","model_promptengine_beta"
"2025-10-23T02:45:00Z","leo.martin","sess_i5j6k7","model_qtzalcoatl"
"2025-10-23T02:45:00Z","leo.martin","sess_i5j6k7","model_querybuilder_lite"
"2025-10-23T02:45:00Z","leo.martin","sess_i5j6k7","model_reasonnet_1.3"
"2025-10-23T02:45:00Z","leo.martin","sess_i5j6k7","model_summarizer_x"
"2025-10-23T02:45:00Z","leo.martin","sess_i5j6k7","model_syntaxnet_v4"
"2025-10-23T02:45:00Z","leo.martin","sess_i5j6k7","model_textgen_alpha"
"2025-10-23T02:50:00Z","grace.huang","sess_l8m9n0","model_grammarfixer_pro"
"2025-10-23T02:50:00Z","grace.huang","sess_l8m9n0","model_ideation_core"
"2025-10-23T02:50:00Z","grace.huang","sess_l8m9n0","model_nlp_parser_v2"
"2025-10-23T02:50:00Z","grace.huang","sess_l8m9n0","model_promptengine_beta"
"2025-10-23T02:50:00Z","grace.huang","sess_l8m9n0","model_qtzalcoatl"
"2025-10-23T02:50:00Z","grace.huang","sess_l8m9n0","model_querybuilder_lite"
"2025-10-23T02:50:00Z","grace.huang","sess_l8m9n0","model_reasonnet_1.3"
"2025-10-23T02:50:00Z","grace.huang","sess_l8m9n0","model_summarizer_x"
"2025-10-23T02:50:00Z","grace.huang","sess_l8m9n0","model_syntaxnet_v4"
"2025-10-23T02:50:00Z","grace.huang","sess_l8m9n0","model_textgen_alpha"
"2025-10-23T02:55:00Z","aaron.cho","sess_o1p2q3","model_grammarfixer_pro"
"2025-10-23T02:55:00Z","aaron.cho","sess_o1p2q3","model_ideation_core"
"2025-10-23T02:55:00Z","aaron.cho","sess_o1p2q3","model_nlp_parser_v2"
"2025-10-23T02:55:00Z","aaron.cho","sess_o1p2q3","model_promptengine_beta"
"2025-10-23T02:55:00Z","aaron.cho","sess_o1p2q3","model_qtzalcoatl"
"2025-10-23T02:55:00Z","aaron.cho","sess_o1p2q3","model_querybuilder_lite"
"2025-10-23T02:55:00Z","aaron.cho","sess_o1p2q3","model_reasonnet_1.3"
"2025-10-23T02:55:00Z","aaron.cho","sess_o1p2q3","model_summarizer_x"
"2025-10-23T02:55:00Z","aaron.cho","sess_o1p2q3","model_syntaxnet_v4"
"2025-10-23T02:55:00Z","aaron.cho","sess_o1p2q3","model_textgen_alpha"
"2025-10-23T03:00:00Z","emily.nguyen","sess_r4s5t6","model_grammarfixer_pro"
"2025-10-23T03:00:00Z","emily.nguyen","sess_r4s5t6","model_ideation_core"
"2025-10-23T03:00:00Z","emily.nguyen","sess_r4s5t6","model_nlp_parser_v2"
"2025-10-23T03:00:00Z","emily.nguyen","sess_r4s5t6","model_promptengine_beta"
"2025-10-23T03:00:00Z","emily.nguyen","sess_r4s5t6","model_qtzalcoatl"
"2025-10-23T03:00:00Z","emily.nguyen","sess_r4s5t6","model_querybuilder_lite"
"2025-10-23T03:00:00Z","emily.nguyen","sess_r4s5t6","model_reasonnet_1.3"
"2025-10-23T03:00:00Z","emily.nguyen","sess_r4s5t6","model_summarizer_x"
"2025-10-23T03:00:00Z","emily.nguyen","sess_r4s5t6","model_syntaxnet_v4"
"2025-10-23T03:00:00Z","emily.nguyen","sess_r4s5t6","model_textgen_alpha"
"2025-10-23T03:05:00Z","ryan.kim","sess_u7v8w9","model_grammarfixer_pro"
"2025-10-23T03:05:00Z","ryan.kim","sess_u7v8w9","model_ideation_core"
"2025-10-23T03:05:00Z","ryan.kim","sess_u7v8w9","model_nlp_parser_v2"
"2025-10-23T03:05:00Z","ryan.kim","sess_u7v8w9","model_promptengine_beta"
"2025-10-23T03:05:00Z","ryan.kim","sess_u7v8w9","model_qtzalcoatl"
"2025-10-23T03:05:00Z","ryan.kim","sess_u7v8w9","model_querybuilder_lite"
"2025-10-23T03:05:00Z","ryan.kim","sess_u7v8w9","model_reasonnet_1.3"
"2025-10-23T03:05:00Z","ryan.kim","sess_u7v8w9","model_summarizer_x"
"2025-10-23T03:05:00Z","ryan.kim","sess_u7v8w9","model_syntaxnet_v4"
"2025-10-23T03:05:00Z","ryan.kim","sess_u7v8w9","model_textgen_alpha"
"2025-10-23T03:10:00Z","nina.patel","sess_x0y1z2","model_grammarfixer_pro"
"2025-10-23T03:10:00Z","nina.patel","sess_x0y1z2","model_ideation_core"
"2025-10-23T03:10:00Z","nina.patel","sess_x0y1z2","model_nlp_parser_v2"
"2025-10-23T03:10:00Z","nina.patel","sess_x0y1z2","model_promptengine_beta"
"2025-10-23T03:10:00Z","nina.patel","sess_x0y1z2","model_qtzalcoatl"
"2025-10-23T03:10:00Z","nina.patel","sess_x0y1z2","model_querybuilder_lite"
"2025-10-23T03:10:00Z","nina.patel","sess_x0y1z2","model_reasonnet_1.3"
"2025-10-23T03:10:00Z","nina.patel","sess_x0y1z2","model_summarizer_x"
"2025-10-23T03:10:00Z","nina.patel","sess_x0y1z2","model_syntaxnet_v4"
"2025-10-23T03:10:00Z","nina.patel","sess_x0y1z2","model_textgen_alpha"
"2025-10-23T03:15:00Z","ethan.wood","sess_a3b4c5","model_grammarfixer_pro"
"2025-10-23T03:15:00Z","ethan.wood","sess_a3b4c5","model_ideation_core"
"2025-10-23T03:15:00Z","ethan.wood","sess_a3b4c5","model_nlp_parser_v2"
"2025-10-23T03:15:00Z","ethan.wood","sess_a3b4c5","model_promptengine_beta"
"2025-10-23T03:15:00Z","ethan.wood","sess_a3b4c5","model_qtzalcoatl"
"2025-10-23T03:15:00Z","ethan.wood","sess_a3b4c5","model_querybuilder_lite"
"2025-10-23T03:15:00Z","ethan.wood","sess_a3b4c5","model_reasonnet_1.3"
"2025-10-23T03:15:00Z","ethan.wood","sess_a3b4c5","model_summarizer_x"
"2025-10-23T03:15:00Z","ethan.wood","sess_a3b4c5","model_syntaxnet_v4"
"2025-10-23T03:15:00Z","ethan.wood","sess_a3b4c5","model_textgen_alpha"
"2025-10-23T03:20:00Z","sofia.ali","sess_d6e7f8","model_grammarfixer_pro"
"2025-10-23T03:20:00Z","sofia.ali","sess_d6e7f8","model_ideation_core"
"2025-10-23T03:20:00Z","sofia.ali","sess_d6e7f8","model_nlp_parser_v2"
"2025-10-23T03:20:00Z","sofia.ali","sess_d6e7f8","model_promptengine_beta"
"2025-10-23T03:20:00Z","sofia.ali","sess_d6e7f8","model_qtzalcoatl"
"2025-10-23T03:20:00Z","sofia.ali","sess_d6e7f8","model_querybuilder_lite"
"2025-10-23T03:20:00Z","sofia.ali","sess_d6e7f8","model_reasonnet_1.3"
"2025-10-23T03:20:00Z","sofia.ali","sess_d6e7f8","model_summarizer_x"
"2025-10-23T03:20:00Z","sofia.ali","sess_d6e7f8","model_syntaxnet_v4"
"2025-10-23T03:20:00Z","sofia.ali","sess_d6e7f8","model_textgen_alpha"
"2025-10-23T03:25:00Z","logan.bell","sess_g9h0i1","model_grammarfixer_pro"
"2025-10-23T03:25:00Z","logan.bell","sess_g9h0i1","model_ideation_core"
"2025-10-23T03:25:00Z","logan.bell","sess_g9h0i1","model_nlp_parser_v2"
"2025-10-23T03:25:00Z","logan.bell","sess_g9h0i1","model_promptengine_beta"
"2025-10-23T03:25:00Z","logan.bell","sess_g9h0i1","model_qtzalcoatl"
"2025-10-23T03:25:00Z","logan.bell","sess_g9h0i1","model_querybuilder_lite"
"2025-10-23T03:25:00Z","logan.bell","sess_g9h0i1","model_reasonnet_1.3"
"2025-10-23T03:25:00Z","logan.bell","sess_g9h0i1","model_summarizer_x"
"2025-10-23T03:25:00Z","logan.bell","sess_g9h0i1","model_syntaxnet_v4"
"2025-10-23T03:25:00Z","logan.bell","sess_g9h0i1","model_textgen_alpha"
"2025-10-23T03:30:00Z",jtran,"sess_j2k3l4","model_grammarfixer_pro"
"2025-10-23T03:30:00Z",jtran,"sess_j2k3l4","model_ideation_core"
"2025-10-23T03:30:00Z",jtran,"sess_j2k3l4","model_nlp_parser_v2"
"2025-10-23T03:30:00Z",jtran,"sess_j2k3l4","model_promptengine_beta"
"2025-10-23T03:30:00Z",jtran,"sess_j2k3l4","model_qtzalcoatl"
"2025-10-23T03:30:00Z",jtran,"sess_j2k3l4","model_querybuilder_lite"
"2025-10-23T03:30:00Z",jtran,"sess_j2k3l4","model_reasonnet_1.3"
"2025-10-23T03:30:00Z",jtran,"sess_j2k3l4","model_summarizer_x"
"2025-10-23T03:30:00Z",jtran,"sess_j2k3l4","model_syntaxnet_v4"
"2025-10-23T03:30:00Z",jtran,"sess_j2k3l4","model_textgen_alpha"
"2025-10-23T03:35:00Z","maria.gomez","sess_m5n6o7","model_grammarfixer_pro"
"2025-10-23T03:35:00Z","maria.gomez","sess_m5n6o7","model_ideation_core"
"2025-10-23T03:35:00Z","maria.gomez","sess_m5n6o7","model_nlp_parser_v2"
"2025-10-23T03:35:00Z","maria.gomez","sess_m5n6o7","model_promptengine_beta"
"2025-10-23T03:35:00Z","maria.gomez","sess_m5n6o7","model_qtzalcoatl"
"2025-10-23T03:35:00Z","maria.gomez","sess_m5n6o7","model_querybuilder_lite"
"2025-10-23T03:35:00Z","maria.gomez","sess_m5n6o7","model_reasonnet_1.3"
"2025-10-23T03:35:00Z","maria.gomez","sess_m5n6o7","model_summarizer_x"
"2025-10-23T03:35:00Z","maria.gomez","sess_m5n6o7","model_syntaxnet_v4"
"2025-10-23T03:35:00Z","maria.gomez","sess_m5n6o7","model_textgen_alpha"
"2025-10-23T03:40:00Z",cyberwolf42,"sess_p8q9r0","model_grammarfixer_pro"
"2025-10-23T03:40:00Z",cyberwolf42,"sess_p8q9r0","model_ideation_core"
"2025-10-23T03:40:00Z",cyberwolf42,"sess_p8q9r0","model_nlp_parser_v2"
"2025-10-23T03:40:00Z",cyberwolf42,"sess_p8q9r0","model_promptengine_beta"
"2025-10-23T03:40:00Z",cyberwolf42,"sess_p8q9r0","model_qtzalcoatl"
"2025-10-23T03:40:00Z",cyberwolf42,"sess_p8q9r0","model_querybuilder_lite"
"2025-10-23T03:40:00Z",cyberwolf42,"sess_p8q9r0","model_reasonnet_1.3"
"2025-10-23T03:40:00Z",cyberwolf42,"sess_p8q9r0","model_summarizer_x"
"2025-10-23T03:40:00Z",cyberwolf42,"sess_p8q9r0","model_syntaxnet_v4"
"2025-10-23T03:40:00Z",cyberwolf42,"sess_p8q9r0","model_textgen_alpha"
"2025-10-23T03:45:00Z","elena.vault","sess_s1t2u3","model_grammarfixer_pro"
"2025-10-23T03:45:00Z","elena.vault","sess_s1t2u3","model_ideation_core"
"2025-10-23T03:45:00Z","elena.vault","sess_s1t2u3","model_nlp_parser_v2"
"2025-10-23T03:45:00Z","elena.vault","sess_s1t2u3","model_promptengine_beta"
"2025-10-23T03:45:00Z","elena.vault","sess_s1t2u3","model_qtzalcoatl"
"2025-10-23T03:45:00Z","elena.vault","sess_s1t2u3","model_querybuilder_lite"
"2025-10-23T03:45:00Z","elena.vault","sess_s1t2u3","model_reasonnet_1.3"
"2025-10-23T03:45:00Z","elena.vault","sess_s1t2u3","model_summarizer_x"
"2025-10-23T03:45:00Z","elena.vault","sess_s1t2u3","model_syntaxnet_v4"
"2025-10-23T03:45:00Z","elena.vault","sess_s1t2u3","model_textgen_alpha"
"2025-10-23T03:50:00Z",hexhunter,"sess_v4w5x6","model_grammarfixer_pro"
"2025-10-23T03:50:00Z",hexhunter,"sess_v4w5x6","model_ideation_core"
"2025-10-23T03:50:00Z",hexhunter,"sess_v4w5x6","model_nlp_parser_v2"
"2025-10-23T03:50:00Z",hexhunter,"sess_v4w5x6","model_promptengine_beta"
"2025-10-23T03:50:00Z",hexhunter,"sess_v4w5x6","model_qtzalcoatl"
"2025-10-23T03:50:00Z",hexhunter,"sess_v4w5x6","model_querybuilder_lite"
"2025-10-23T03:50:00Z",hexhunter,"sess_v4w5x6","model_reasonnet_1.3"
"2025-10-23T03:50:00Z",hexhunter,"sess_v4w5x6","model_summarizer_x"
"2025-10-23T03:50:00Z",hexhunter,"sess_v4w5x6","model_syntaxnet_v4"
"2025-10-23T03:50:00Z",hexhunter,"sess_v4w5x6","model_textgen_alpha"
"2025-10-23T03:55:00Z","kevin.choi","sess_y7z8a9","model_grammarfixer_pro"
"2025-10-23T03:55:00Z","kevin.choi","sess_y7z8a9","model_ideation_core"
"2025-10-23T03:55:00Z","kevin.choi","sess_y7z8a9","model_nlp_parser_v2"
"2025-10-23T03:55:00Z","kevin.choi","sess_y7z8a9","model_promptengine_beta"
"2025-10-23T03:55:00Z","kevin.choi","sess_y7z8a9","model_qtzalcoatl"
"2025-10-23T03:55:00Z","kevin.choi","sess_y7z8a9","model_querybuilder_lite"
"2025-10-23T03:55:00Z","kevin.choi","sess_y7z8a9","model_reasonnet_1.3"
"2025-10-23T03:55:00Z","kevin.choi","sess_y7z8a9","model_summarizer_x"
"2025-10-23T03:55:00Z","kevin.choi","sess_y7z8a9","model_syntaxnet_v4"
"2025-10-23T03:55:00Z","kevin.choi","sess_y7z8a9","model_textgen_alpha"
"2025-10-23T04:00:00Z","alina.k","sess_b2c3d4","model_grammarfixer_pro"
"2025-10-23T04:00:00Z","alina.k","sess_b2c3d4","model_ideation_core"
"2025-10-23T04:00:00Z","alina.k","sess_b2c3d4","model_nlp_parser_v2"
"2025-10-23T04:00:00Z","alina.k","sess_b2c3d4","model_promptengine_beta"
"2025-10-23T04:00:00Z","alina.k","sess_b2c3d4","model_qtzalcoatl"
"2025-10-23T04:00:00Z","alina.k","sess_b2c3d4","model_querybuilder_lite"
"2025-10-23T04:00:00Z","alina.k","sess_b2c3d4","model_reasonnet_1.3"
"2025-10-23T04:00:00Z","alina.k","sess_b2c3d4","model_summarizer_x"
"2025-10-23T04:00:00Z","alina.k","sess_b2c3d4","model_syntaxnet_v4"
"2025-10-23T04:00:00Z","alina.k","sess_b2c3d4","model_textgen_alpha"
"2025-10-23T04:05:00Z","brandon.ng","sess_e5f6g7","model_grammarfixer_pro"
"2025-10-23T04:05:00Z","brandon.ng","sess_e5f6g7","model_ideation_core"
"2025-10-23T04:05:00Z","brandon.ng","sess_e5f6g7","model_nlp_parser_v2"
"2025-10-23T04:05:00Z","brandon.ng","sess_e5f6g7","model_promptengine_beta"
"2025-10-23T04:05:00Z","brandon.ng","sess_e5f6g7","model_qtzalcoatl"
"2025-10-23T04:05:00Z","brandon.ng","sess_e5f6g7","model_querybuilder_lite"
"2025-10-23T04:05:00Z","brandon.ng","sess_e5f6g7","model_reasonnet_1.3"
"2025-10-23T04:05:00Z","brandon.ng","sess_e5f6g7","model_summarizer_x"
"2025-10-23T04:05:00Z","brandon.ng","sess_e5f6g7","model_syntaxnet_v4"
"2025-10-23T04:05:00Z","brandon.ng","sess_e5f6g7","model_textgen_alpha"
"2025-10-23T04:10:00Z","zoe.miller","sess_h8i9j0","model_grammarfixer_pro"
"2025-10-23T04:10:00Z","zoe.miller","sess_h8i9j0","model_ideation_core"
"2025-10-23T04:10:00Z","zoe.miller","sess_h8i9j0","model_nlp_parser_v2"
"2025-10-23T04:10:00Z","zoe.miller","sess_h8i9j0","model_promptengine_beta"
"2025-10-23T04:10:00Z","zoe.miller","sess_h8i9j0","model_qtzalcoatl"
"2025-10-23T04:10:00Z","zoe.miller","sess_h8i9j0","model_querybuilder_lite"
"2025-10-23T04:10:00Z","zoe.miller","sess_h8i9j0","model_reasonnet_1.3"
"2025-10-23T04:10:00Z","zoe.miller","sess_h8i9j0","model_summarizer_x"
"2025-10-23T04:10:00Z","zoe.miller","sess_h8i9j0","model_syntaxnet_v4"
"2025-10-23T04:10:00Z","zoe.miller","sess_h8i9j0","model_textgen_alpha"
"2025-10-23T04:15:00Z","liam.diaz","sess_k1l2m3","model_grammarfixer_pro"
"2025-10-23T04:15:00Z","liam.diaz","sess_k1l2m3","model_ideation_core"
"2025-10-23T04:15:00Z","liam.diaz","sess_k1l2m3","model_nlp_parser_v2"
"2025-10-23T04:15:00Z","liam.diaz","sess_k1l2m3","model_promptengine_beta"
"2025-10-23T04:15:00Z","liam.diaz","sess_k1l2m3","model_qtzalcoatl"
"2025-10-23T04:15:00Z","liam.diaz","sess_k1l2m3","model_querybuilder_lite"
"2025-10-23T04:15:00Z","liam.diaz","sess_k1l2m3","model_reasonnet_1.3"
"2025-10-23T04:15:00Z","liam.diaz","sess_k1l2m3","model_summarizer_x"
"2025-10-23T04:15:00Z","liam.diaz","sess_k1l2m3","model_syntaxnet_v4"
"2025-10-23T04:15:00Z","liam.diaz","sess_k1l2m3","model_textgen_alpha"
"2025-10-23T04:20:00Z","sasha.ren","sess_n4o5p6","model_grammarfixer_pro"
"2025-10-23T04:20:00Z","sasha.ren","sess_n4o5p6","model_ideation_core"
"2025-10-23T04:20:00Z","sasha.ren","sess_n4o5p6","model_nlp_parser_v2"
"2025-10-23T04:20:00Z","sasha.ren","sess_n4o5p6","model_promptengine_beta"
"2025-10-23T04:20:00Z","sasha.ren","sess_n4o5p6","model_qtzalcoatl"
"2025-10-23T04:20:00Z","sasha.ren","sess_n4o5p6","model_querybuilder_lite"
"2025-10-23T04:20:00Z","sasha.ren","sess_n4o5p6","model_reasonnet_1.3"
"2025-10-23T04:20:00Z","sasha.ren","sess_n4o5p6","model_summarizer_x"
"2025-10-23T04:20:00Z","sasha.ren","sess_n4o5p6","model_syntaxnet_v4"
"2025-10-23T04:20:00Z","sasha.ren","sess_n4o5p6","model_textgen_alpha"
"2025-10-23T04:25:00Z","omar.khan","sess_q7r8s9","model_grammarfixer_pro"
"2025-10-23T04:25:00Z","omar.khan","sess_q7r8s9","model_ideation_core"
"2025-10-23T04:25:00Z","omar.khan","sess_q7r8s9","model_nlp_parser_v2"
"2025-10-23T04:25:00Z","omar.khan","sess_q7r8s9","model_promptengine_beta"
"2025-10-23T04:25:00Z","omar.khan","sess_q7r8s9","model_qtzalcoatl"
"2025-10-23T04:25:00Z","omar.khan","sess_q7r8s9","model_querybuilder_lite"
"2025-10-23T04:25:00Z","omar.khan","sess_q7r8s9","model_reasonnet_1.3"
"2025-10-23T04:25:00Z","omar.khan","sess_q7r8s9","model_summarizer_x"
"2025-10-23T04:25:00Z","omar.khan","sess_q7r8s9","model_syntaxnet_v4"
"2025-10-23T04:25:00Z","omar.khan","sess_q7r8s9","model_textgen_alpha"
"2025-10-23T04:30:00Z","ivy.chen","sess_t0u1v2","model_grammarfixer_pro"
"2025-10-23T04:30:00Z","ivy.chen","sess_t0u1v2","model_ideation_core"
"2025-10-23T04:30:00Z","ivy.chen","sess_t0u1v2","model_nlp_parser_v2"
"2025-10-23T04:30:00Z","ivy.chen","sess_t0u1v2","model_promptengine_beta"
"2025-10-23T04:30:00Z","ivy.chen","sess_t0u1v2","model_qtzalcoatl"
"2025-10-23T04:30:00Z","ivy.chen","sess_t0u1v2","model_querybuilder_lite"
"2025-10-23T04:30:00Z","ivy.chen","sess_t0u1v2","model_reasonnet_1.3"
"2025-10-23T04:30:00Z","ivy.chen","sess_t0u1v2","model_summarizer_x"
"2025-10-23T04:30:00Z","ivy.chen","sess_t0u1v2","model_syntaxnet_v4"
"2025-10-23T04:30:00Z","ivy.chen","sess_t0u1v2","model_textgen_alpha"
"2025-10-23T04:35:00Z","daniel.ross","sess_w3x4y5","model_grammarfixer_pro"
"2025-10-23T04:35:00Z","daniel.ross","sess_w3x4y5","model_ideation_core"
"2025-10-23T04:35:00Z","daniel.ross","sess_w3x4y5","model_nlp_parser_v2"
"2025-10-23T04:35:00Z","daniel.ross","sess_w3x4y5","model_promptengine_beta"
"2025-10-23T04:35:00Z","daniel.ross","sess_w3x4y5","model_qtzalcoatl"
"2025-10-23T04:35:00Z","daniel.ross","sess_w3x4y5","model_querybuilder_lite"
"2025-10-23T04:35:00Z","daniel.ross","sess_w3x4y5","model_reasonnet_1.3"
"2025-10-23T04:35:00Z","daniel.ross","sess_w3x4y5","model_summarizer_x"
"2025-10-23T04:35:00Z","daniel.ross","sess_w3x4y5","model_syntaxnet_v4"
"2025-10-23T04:35:00Z","daniel.ross","sess_w3x4y5","model_textgen_alpha"
"2025-10-23T04:40:00Z","megan.lee","sess_z6a7b8","model_grammarfixer_pro"
"2025-10-23T04:40:00Z","megan.lee","sess_z6a7b8","model_ideation_core"
"2025-10-23T04:40:00Z","megan.lee","sess_z6a7b8","model_nlp_parser_v2"
"2025-10-23T04:40:00Z","megan.lee","sess_z6a7b8","model_promptengine_beta"
"2025-10-23T04:40:00Z","megan.lee","sess_z6a7b8","model_qtzalcoatl"
"2025-10-23T04:40:00Z","megan.lee","sess_z6a7b8","model_querybuilder_lite"
"2025-10-23T04:40:00Z","megan.lee","sess_z6a7b8","model_reasonnet_1.3"
"2025-10-23T04:40:00Z","megan.lee","sess_z6a7b8","model_summarizer_x"
"2025-10-23T04:40:00Z","megan.lee","sess_z6a7b8","model_syntaxnet_v4"
"2025-10-23T04:40:00Z","megan.lee","sess_z6a7b8","model_textgen_alpha"
"2025-10-23T04:45:00Z","tyler.james","sess_c9d0e1","model_grammarfixer_pro"
"2025-10-23T04:45:00Z","tyler.james","sess_c9d0e1","model_ideation_core"
"2025-10-23T04:45:00Z","tyler.james","sess_c9d0e1","model_nlp_parser_v2"
"2025-10-23T04:45:00Z","tyler.james","sess_c9d0e1","model_promptengine_beta"
"2025-10-23T04:45:00Z","tyler.james","sess_c9d0e1","model_qtzalcoatl"
"2025-10-23T04:45:00Z","tyler.james","sess_c9d0e1","model_querybuilder_lite"
"2025-10-23T04:45:00Z","tyler.james","sess_c9d0e1","model_reasonnet_1.3"
"2025-10-23T04:45:00Z","tyler.james","sess_c9d0e1","model_summarizer_x"
"2025-10-23T04:45:00Z","tyler.james","sess_c9d0e1","model_syntaxnet_v4"
"2025-10-23T04:45:00Z","tyler.james","sess_c9d0e1","model_textgen_alpha"
"2025-10-23T04:50:00Z","anika.singh","sess_f2g3h4","model_grammarfixer_pro"
"2025-10-23T04:50:00Z","anika.singh","sess_f2g3h4","model_ideation_core"
"2025-10-23T04:50:00Z","anika.singh","sess_f2g3h4","model_nlp_parser_v2"
"2025-10-23T04:50:00Z","anika.singh","sess_f2g3h4","model_promptengine_beta"
"2025-10-23T04:50:00Z","anika.singh","sess_f2g3h4","model_qtzalcoatl"
"2025-10-23T04:50:00Z","anika.singh","sess_f2g3h4","model_querybuilder_lite"
"2025-10-23T04:50:00Z","anika.singh","sess_f2g3h4","model_reasonnet_1.3"
"2025-10-23T04:50:00Z","anika.singh","sess_f2g3h4","model_summarizer_x"
"2025-10-23T04:50:00Z","anika.singh","sess_f2g3h4","model_syntaxnet_v4"
"2025-10-23T04:50:00Z","anika.singh","sess_f2g3h4","model_textgen_alpha"
"2025-10-23T04:55:00Z","leo.martin","sess_i5j6k7","model_grammarfixer_pro"
"2025-10-23T04:55:00Z","leo.martin","sess_i5j6k7","model_ideation_core"
"2025-10-23T04:55:00Z","leo.martin","sess_i5j6k7","model_nlp_parser_v2"
"2025-10-23T04:55:00Z","leo.martin","sess_i5j6k7","model_promptengine_beta"
"2025-10-23T04:55:00Z","leo.martin","sess_i5j6k7","model_qtzalcoatl"
"2025-10-23T04:55:00Z","leo.martin","sess_i5j6k7","model_querybuilder_lite"
"2025-10-23T04:55:00Z","leo.martin","sess_i5j6k7","model_reasonnet_1.3"
"2025-10-23T04:55:00Z","leo.martin","sess_i5j6k7","model_summarizer_x"
"2025-10-23T04:55:00Z","leo.martin","sess_i5j6k7","model_syntaxnet_v4"
"2025-10-23T04:55:00Z","leo.martin","sess_i5j6k7","model_textgen_alpha"
"2025-10-23T05:00:00Z","grace.huang","sess_l8m9n0","model_grammarfixer_pro"
"2025-10-23T05:00:00Z","grace.huang","sess_l8m9n0","model_ideation_core"
"2025-10-23T05:00:00Z","grace.huang","sess_l8m9n0","model_nlp_parser_v2"
"2025-10-23T05:00:00Z","grace.huang","sess_l8m9n0","model_promptengine_beta"
"2025-10-23T05:00:00Z","grace.huang","sess_l8m9n0","model_qtzalcoatl"
"2025-10-23T05:00:00Z","grace.huang","sess_l8m9n0","model_querybuilder_lite"
"2025-10-23T05:00:00Z","grace.huang","sess_l8m9n0","model_reasonnet_1.3"
"2025-10-23T05:00:00Z","grace.huang","sess_l8m9n0","model_summarizer_x"
"2025-10-23T05:00:00Z","grace.huang","sess_l8m9n0","model_syntaxnet_v4"
"2025-10-23T05:00:00Z","grace.huang","sess_l8m9n0","model_textgen_alpha"
"2025-10-23T05:05:00Z","aaron.cho","sess_o1p2q3","model_grammarfixer_pro"
"2025-10-23T05:05:00Z","aaron.cho","sess_o1p2q3","model_ideation_core"
"2025-10-23T05:05:00Z","aaron.cho","sess_o1p2q3","model_nlp_parser_v2"
"2025-10-23T05:05:00Z","aaron.cho","sess_o1p2q3","model_promptengine_beta"
"2025-10-23T05:05:00Z","aaron.cho","sess_o1p2q3","model_qtzalcoatl"
"2025-10-23T05:05:00Z","aaron.cho","sess_o1p2q3","model_querybuilder_lite"
"2025-10-23T05:05:00Z","aaron.cho","sess_o1p2q3","model_reasonnet_1.3"
"2025-10-23T05:05:00Z","aaron.cho","sess_o1p2q3","model_summarizer_x"
"2025-10-23T05:05:00Z","aaron.cho","sess_o1p2q3","model_syntaxnet_v4"
"2025-10-23T05:05:00Z","aaron.cho","sess_o1p2q3","model_textgen_alpha"
"2025-10-23T05:10:00Z","emily.nguyen","sess_r4s5t6","model_grammarfixer_pro"
"2025-10-23T05:10:00Z","emily.nguyen","sess_r4s5t6","model_ideation_core"
"2025-10-23T05:10:00Z","emily.nguyen","sess_r4s5t6","model_nlp_parser_v2"
"2025-10-23T05:10:00Z","emily.nguyen","sess_r4s5t6","model_promptengine_beta"
"2025-10-23T05:10:00Z","emily.nguyen","sess_r4s5t6","model_qtzalcoatl"
"2025-10-23T05:10:00Z","emily.nguyen","sess_r4s5t6","model_querybuilder_lite"
"2025-10-23T05:10:00Z","emily.nguyen","sess_r4s5t6","model_reasonnet_1.3"
"2025-10-23T05:10:00Z","emily.nguyen","sess_r4s5t6","model_summarizer_x"
"2025-10-23T05:10:00Z","emily.nguyen","sess_r4s5t6","model_syntaxnet_v4"
"2025-10-23T05:10:00Z","emily.nguyen","sess_r4s5t6","model_textgen_alpha"
"2025-10-23T05:15:00Z","ryan.kim","sess_u7v8w9","model_grammarfixer_pro"
"2025-10-23T05:15:00Z","ryan.kim","sess_u7v8w9","model_ideation_core"
"2025-10-23T05:15:00Z","ryan.kim","sess_u7v8w9","model_nlp_parser_v2"
"2025-10-23T05:15:00Z","ryan.kim","sess_u7v8w9","model_promptengine_beta"
"2025-10-23T05:15:00Z","ryan.kim","sess_u7v8w9","model_qtzalcoatl"
"2025-10-23T05:15:00Z","ryan.kim","sess_u7v8w9","model_querybuilder_lite"
"2025-10-23T05:15:00Z","ryan.kim","sess_u7v8w9","model_reasonnet_1.3"
"2025-10-23T05:15:00Z","ryan.kim","sess_u7v8w9","model_summarizer_x"
"2025-10-23T05:15:00Z","ryan.kim","sess_u7v8w9","model_syntaxnet_v4"
"2025-10-23T05:15:00Z","ryan.kim","sess_u7v8w9","model_textgen_alpha"
"2025-10-23T05:20:00Z","nina.patel","sess_x0y1z2","model_grammarfixer_pro"
"2025-10-23T05:20:00Z","tycho.v","sess_aa1bb2","model_grammarfixer_pro"
"2025-10-23T05:20:00Z","nina.patel","sess_x0y1z2","model_ideation_core"
"2025-10-23T05:20:00Z","tycho.v","sess_aa1bb2","model_ideation_core"
"2025-10-23T05:20:00Z","nina.patel","sess_x0y1z2","model_nlp_parser_v2"
"2025-10-23T05:20:00Z","tycho.v","sess_aa1bb2","model_nlp_parser_v2"
"2025-10-23T05:20:00Z","nina.patel","sess_x0y1z2","model_promptengine_beta"
"2025-10-23T05:20:00Z","tycho.v","sess_aa1bb2","model_promptengine_beta"
"2025-10-23T05:20:00Z","nina.patel","sess_x0y1z2","model_qtzalcoatl"
"2025-10-23T05:20:00Z","tycho.v","sess_aa1bb2","model_qtzalcoatl"
"2025-10-23T05:20:00Z","nina.patel","sess_x0y1z2","model_querybuilder_lite"
"2025-10-23T05:20:00Z","tycho.v","sess_aa1bb2","model_querybuilder_lite"
"2025-10-23T05:20:00Z","nina.patel","sess_x0y1z2","model_reasonnet_1.3"
"2025-10-23T05:20:00Z","tycho.v","sess_aa1bb2","model_reasonnet_1.3"
"2025-10-23T05:20:00Z","nina.patel","sess_x0y1z2","model_summarizer_x"
"2025-10-23T05:20:00Z","tycho.v","sess_aa1bb2","model_summarizer_x"
"2025-10-23T05:20:00Z","nina.patel","sess_x0y1z2","model_syntaxnet_v4"
"2025-10-23T05:20:00Z","tycho.v","sess_aa1bb2","model_syntaxnet_v4"
"2025-10-23T05:20:00Z","nina.patel","sess_x0y1z2","model_textgen_alpha"
"2025-10-23T05:20:00Z","tycho.v","sess_aa1bb2","model_textgen_alpha"
"2025-10-23T05:25:00Z","camila.ortiz","sess_cc3dd4","model_grammarfixer_pro"
"2025-10-23T05:25:00Z","camila.ortiz","sess_cc3dd4","model_ideation_core"
"2025-10-23T05:25:00Z","camila.ortiz","sess_cc3dd4","model_nlp_parser_v2"
"2025-10-23T05:25:00Z","camila.ortiz","sess_cc3dd4","model_promptengine_beta"
"2025-10-23T05:25:00Z","camila.ortiz","sess_cc3dd4","model_qtzalcoatl"
"2025-10-23T05:25:00Z","camila.ortiz","sess_cc3dd4","model_querybuilder_lite"
"2025-10-23T05:25:00Z","camila.ortiz","sess_cc3dd4","model_reasonnet_1.3"
"2025-10-23T05:25:00Z","camila.ortiz","sess_cc3dd4","model_summarizer_x"
"2025-10-23T05:25:00Z","camila.ortiz","sess_cc3dd4","model_syntaxnet_v4"
"2025-10-23T05:25:00Z","camila.ortiz","sess_cc3dd4","model_textgen_alpha"
"2025-10-23T05:30:00Z","devon.cho","sess_ee5ff6","model_grammarfixer_pro"
"2025-10-23T05:30:00Z","devon.cho","sess_ee5ff6","model_ideation_core"
"2025-10-23T05:30:00Z","devon.cho","sess_ee5ff6","model_nlp_parser_v2"
"2025-10-23T05:30:00Z","devon.cho","sess_ee5ff6","model_promptengine_beta"
"2025-10-23T05:30:00Z","devon.cho","sess_ee5ff6","model_qtzalcoatl"
"2025-10-23T05:30:00Z","devon.cho","sess_ee5ff6","model_querybuilder_lite"
"2025-10-23T05:30:00Z","devon.cho","sess_ee5ff6","model_reasonnet_1.3"
"2025-10-23T05:30:00Z","devon.cho","sess_ee5ff6","model_summarizer_x"
"2025-10-23T05:30:00Z","devon.cho","sess_ee5ff6","model_syntaxnet_v4"
"2025-10-23T05:30:00Z","devon.cho","sess_ee5ff6","model_textgen_alpha"
"2025-10-23T05:35:00Z","elena.vault","sess_gg7hh8","model_grammarfixer_pro"
"2025-10-23T05:35:00Z","elena.vault","sess_gg7hh8","model_ideation_core"
"2025-10-23T05:35:00Z","elena.vault","sess_gg7hh8","model_nlp_parser_v2"
"2025-10-23T05:35:00Z","elena.vault","sess_gg7hh8","model_promptengine_beta"
"2025-10-23T05:35:00Z","elena.vault","sess_gg7hh8","model_qtzalcoatl"
"2025-10-23T05:35:00Z","elena.vault","sess_gg7hh8","model_querybuilder_lite"
"2025-10-23T05:35:00Z","elena.vault","sess_gg7hh8","model_reasonnet_1.3"
"2025-10-23T05:35:00Z","elena.vault","sess_gg7hh8","model_summarizer_x"
"2025-10-23T05:35:00Z","elena.vault","sess_gg7hh8","model_syntaxnet_v4"
"2025-10-23T05:35:00Z","elena.vault","sess_gg7hh8","model_textgen_alpha"
"2025-10-23T05:40:00Z",hexhunter,"sess_ii9jj0","model_grammarfixer_pro"
"2025-10-23T05:40:00Z",hexhunter,"sess_ii9jj0","model_ideation_core"
"2025-10-23T05:40:00Z",hexhunter,"sess_ii9jj0","model_nlp_parser_v2"
"2025-10-23T05:40:00Z",hexhunter,"sess_ii9jj0","model_promptengine_beta"
"2025-10-23T05:40:00Z",hexhunter,"sess_ii9jj0","model_qtzalcoatl"
"2025-10-23T05:40:00Z",hexhunter,"sess_ii9jj0","model_querybuilder_lite"
"2025-10-23T05:40:00Z",hexhunter,"sess_ii9jj0","model_reasonnet_1.3"
"2025-10-23T05:40:00Z",hexhunter,"sess_ii9jj0","model_summarizer_x"
"2025-10-23T05:40:00Z",hexhunter,"sess_ii9jj0","model_syntaxnet_v4"
"2025-10-23T05:40:00Z",hexhunter,"sess_ii9jj0","model_textgen_alpha"
"2025-10-23T05:45:00Z","kevin.choi","sess_kk1ll2","model_grammarfixer_pro"
"2025-10-23T05:45:00Z","kevin.choi","sess_kk1ll2","model_ideation_core"
"2025-10-23T05:45:00Z","kevin.choi","sess_kk1ll2","model_nlp_parser_v2"
"2025-10-23T05:45:00Z","kevin.choi","sess_kk1ll2","model_promptengine_beta"
"2025-10-23T05:45:00Z","kevin.choi","sess_kk1ll2","model_qtzalcoatl"
"2025-10-23T05:45:00Z","kevin.choi","sess_kk1ll2","model_querybuilder_lite"
"2025-10-23T05:45:00Z","kevin.choi","sess_kk1ll2","model_reasonnet_1.3"
"2025-10-23T05:45:00Z","kevin.choi","sess_kk1ll2","model_summarizer_x"
"2025-10-23T05:45:00Z","kevin.choi","sess_kk1ll2","model_syntaxnet_v4"
"2025-10-23T05:45:00Z","kevin.choi","sess_kk1ll2","model_textgen_alpha"
"2025-10-23T05:50:00Z","alina.k","sess_mm3nn4","model_grammarfixer_pro"
"2025-10-23T05:50:00Z","alina.k","sess_mm3nn4","model_ideation_core"
"2025-10-23T05:50:00Z","alina.k","sess_mm3nn4","model_nlp_parser_v2"
"2025-10-23T05:50:00Z","alina.k","sess_mm3nn4","model_promptengine_beta"
"2025-10-23T05:50:00Z","alina.k","sess_mm3nn4","model_qtzalcoatl"
"2025-10-23T05:50:00Z","alina.k","sess_mm3nn4","model_querybuilder_lite"
"2025-10-23T05:50:00Z","alina.k","sess_mm3nn4","model_reasonnet_1.3"
"2025-10-23T05:50:00Z","alina.k","sess_mm3nn4","model_summarizer_x"
"2025-10-23T05:50:00Z","alina.k","sess_mm3nn4","model_syntaxnet_v4"
"2025-10-23T05:50:00Z","alina.k","sess_mm3nn4","model_textgen_alpha"
"2025-10-23T05:55:00Z","brandon.ng","sess_oo5pp6","model_grammarfixer_pro"
"2025-10-23T05:55:00Z","brandon.ng","sess_oo5pp6","model_ideation_core"
"2025-10-23T05:55:00Z","brandon.ng","sess_oo5pp6","model_nlp_parser_v2"
"2025-10-23T05:55:00Z","brandon.ng","sess_oo5pp6","model_promptengine_beta"
"2025-10-23T05:55:00Z","brandon.ng","sess_oo5pp6","model_qtzalcoatl"
"2025-10-23T05:55:00Z","brandon.ng","sess_oo5pp6","model_querybuilder_lite"
"2025-10-23T05:55:00Z","brandon.ng","sess_oo5pp6","model_reasonnet_1.3"
"2025-10-23T05:55:00Z","brandon.ng","sess_oo5pp6","model_summarizer_x"
"2025-10-23T05:55:00Z","brandon.ng","sess_oo5pp6","model_syntaxnet_v4"
"2025-10-23T05:55:00Z","brandon.ng","sess_oo5pp6","model_textgen_alpha"
"2025-10-23T06:00:00Z","zoe.miller","sess_qq7rr8","model_grammarfixer_pro"
"2025-10-23T06:00:00Z","zoe.miller","sess_qq7rr8","model_ideation_core"
"2025-10-23T06:00:00Z","zoe.miller","sess_qq7rr8","model_nlp_parser_v2"
"2025-10-23T06:00:00Z","zoe.miller","sess_qq7rr8","model_promptengine_beta"
"2025-10-23T06:00:00Z","zoe.miller","sess_qq7rr8","model_qtzalcoatl"
"2025-10-23T06:00:00Z","zoe.miller","sess_qq7rr8","model_querybuilder_lite"
"2025-10-23T06:00:00Z","zoe.miller","sess_qq7rr8","model_reasonnet_1.3"
"2025-10-23T06:00:00Z","zoe.miller","sess_qq7rr8","model_summarizer_x"
"2025-10-23T06:00:00Z","zoe.miller","sess_qq7rr8","model_syntaxnet_v4"
"2025-10-23T06:00:00Z","zoe.miller","sess_qq7rr8","model_textgen_alpha"
"2025-10-23T06:05:00Z","liam.diaz","sess_ss9tt0","model_grammarfixer_pro"
"2025-10-23T06:05:00Z","liam.diaz","sess_ss9tt0","model_ideation_core"
"2025-10-23T06:05:00Z","liam.diaz","sess_ss9tt0","model_nlp_parser_v2"
"2025-10-23T06:05:00Z","liam.diaz","sess_ss9tt0","model_promptengine_beta"
"2025-10-23T06:05:00Z","liam.diaz","sess_ss9tt0","model_qtzalcoatl"
"2025-10-23T06:05:00Z","liam.diaz","sess_ss9tt0","model_querybuilder_lite"
"2025-10-23T06:05:00Z","liam.diaz","sess_ss9tt0","model_reasonnet_1.3"
"2025-10-23T06:05:00Z","liam.diaz","sess_ss9tt0","model_summarizer_x"
"2025-10-23T06:05:00Z","liam.diaz","sess_ss9tt0","model_syntaxnet_v4"
"2025-10-23T06:05:00Z","liam.diaz","sess_ss9tt0","model_textgen_alpha"
"2025-10-23T06:10:00Z","sasha.ren","sess_uu1vv2","model_grammarfixer_pro"
"2025-10-23T06:10:00Z","sasha.ren","sess_uu1vv2","model_ideation_core"
"2025-10-23T06:10:00Z","sasha.ren","sess_uu1vv2","model_nlp_parser_v2"
"2025-10-23T06:10:00Z","sasha.ren","sess_uu1vv2","model_promptengine_beta"
"2025-10-23T06:10:00Z","sasha.ren","sess_uu1vv2","model_qtzalcoatl"
"2025-10-23T06:10:00Z","sasha.ren","sess_uu1vv2","model_querybuilder_lite"
"2025-10-23T06:10:00Z","sasha.ren","sess_uu1vv2","model_reasonnet_1.3"
"2025-10-23T06:10:00Z","sasha.ren","sess_uu1vv2","model_summarizer_x"
"2025-10-23T06:10:00Z","sasha.ren","sess_uu1vv2","model_syntaxnet_v4"
"2025-10-23T06:10:00Z","sasha.ren","sess_uu1vv2","model_textgen_alpha"
"2025-10-23T06:15:00Z","omar.khan","sess_ww3xx4","model_grammarfixer_pro"
"2025-10-23T06:15:00Z","omar.khan","sess_ww3xx4","model_ideation_core"
"2025-10-23T06:15:00Z","omar.khan","sess_ww3xx4","model_nlp_parser_v2"
"2025-10-23T06:15:00Z","omar.khan","sess_ww3xx4","model_promptengine_beta"
"2025-10-23T06:15:00Z","omar.khan","sess_ww3xx4","model_qtzalcoatl"
"2025-10-23T06:15:00Z","omar.khan","sess_ww3xx4","model_querybuilder_lite"
"2025-10-23T06:15:00Z","omar.khan","sess_ww3xx4","model_reasonnet_1.3"
"2025-10-23T06:15:00Z","omar.khan","sess_ww3xx4","model_summarizer_x"
"2025-10-23T06:15:00Z","omar.khan","sess_ww3xx4","model_syntaxnet_v4"
"2025-10-23T06:15:00Z","omar.khan","sess_ww3xx4","model_textgen_alpha"
"2025-10-23T06:20:00Z","ivy.chen","sess_yy5zz6","model_grammarfixer_pro"
"2025-10-23T06:20:00Z","ivy.chen","sess_yy5zz6","model_ideation_core"
"2025-10-23T06:20:00Z","ivy.chen","sess_yy5zz6","model_nlp_parser_v2"
"2025-10-23T06:20:00Z","ivy.chen","sess_yy5zz6","model_promptengine_beta"
"2025-10-23T06:20:00Z","ivy.chen","sess_yy5zz6","model_qtzalcoatl"
"2025-10-23T06:20:00Z","ivy.chen","sess_yy5zz6","model_querybuilder_lite"
"2025-10-23T06:20:00Z","ivy.chen","sess_yy5zz6","model_reasonnet_1.3"
"2025-10-23T06:20:00Z","ivy.chen","sess_yy5zz6","model_summarizer_x"
"2025-10-23T06:20:00Z","ivy.chen","sess_yy5zz6","model_syntaxnet_v4"
"2025-10-23T06:20:00Z","ivy.chen","sess_yy5zz6","model_textgen_alpha"
"2025-10-23T06:25:00Z","daniel.ross","sess_zz7aa8","model_grammarfixer_pro"
"2025-10-23T06:25:00Z","daniel.ross","sess_zz7aa8","model_ideation_core"
"2025-10-23T06:25:00Z","daniel.ross","sess_zz7aa8","model_nlp_parser_v2"
"2025-10-23T06:25:00Z","daniel.ross","sess_zz7aa8","model_promptengine_beta"
"2025-10-23T06:25:00Z","daniel.ross","sess_zz7aa8","model_qtzalcoatl"
"2025-10-23T06:25:00Z","daniel.ross","sess_zz7aa8","model_querybuilder_lite"
"2025-10-23T06:25:00Z","daniel.ross","sess_zz7aa8","model_reasonnet_1.3"
"2025-10-23T06:25:00Z","daniel.ross","sess_zz7aa8","model_summarizer_x"
"2025-10-23T06:25:00Z","daniel.ross","sess_zz7aa8","model_syntaxnet_v4"
"2025-10-23T06:25:00Z","daniel.ross","sess_zz7aa8","model_textgen_alpha"
"2025-10-23T06:30:00Z","megan.lee","sess_bb9cc0","model_grammarfixer_pro"
"2025-10-23T06:30:00Z","megan.lee","sess_bb9cc0","model_ideation_core"
"2025-10-23T06:30:00Z","megan.lee","sess_bb9cc0","model_nlp_parser_v2"
"2025-10-23T06:30:00Z","megan.lee","sess_bb9cc0","model_promptengine_beta"
"2025-10-23T06:30:00Z","megan.lee","sess_bb9cc0","model_qtzalcoatl"
"2025-10-23T06:30:00Z","megan.lee","sess_bb9cc0","model_querybuilder_lite"
"2025-10-23T06:30:00Z","megan.lee","sess_bb9cc0","model_reasonnet_1.3"
"2025-10-23T06:30:00Z","megan.lee","sess_bb9cc0","model_summarizer_x"
"2025-10-23T06:30:00Z","megan.lee","sess_bb9cc0","model_syntaxnet_v4"
"2025-10-23T06:30:00Z","megan.lee","sess_bb9cc0","model_textgen_alpha"
"2025-10-23T06:35:00Z","tyler.james","sess_dd1ee2","model_grammarfixer_pro"
"2025-10-23T06:35:00Z","tyler.james","sess_dd1ee2","model_ideation_core"
"2025-10-23T06:35:00Z","tyler.james","sess_dd1ee2","model_nlp_parser_v2"
"2025-10-23T06:35:00Z","tyler.james","sess_dd1ee2","model_promptengine_beta"
"2025-10-23T06:35:00Z","tyler.james","sess_dd1ee2","model_qtzalcoatl"
"2025-10-23T06:35:00Z","tyler.james","sess_dd1ee2","model_querybuilder_lite"
"2025-10-23T06:35:00Z","tyler.james","sess_dd1ee2","model_reasonnet_1.3"
"2025-10-23T06:35:00Z","tyler.james","sess_dd1ee2","model_summarizer_x"
"2025-10-23T06:35:00Z","tyler.james","sess_dd1ee2","model_syntaxnet_v4"
"2025-10-23T06:35:00Z","tyler.james","sess_dd1ee2","model_textgen_alpha"
"2025-10-23T06:40:00Z","anika.singh","sess_ff3gg4","model_grammarfixer_pro"
"2025-10-23T06:40:00Z","anika.singh","sess_ff3gg4","model_ideation_core"
"2025-10-23T06:40:00Z","anika.singh","sess_ff3gg4","model_nlp_parser_v2"
"2025-10-23T06:40:00Z","anika.singh","sess_ff3gg4","model_promptengine_beta"
"2025-10-23T06:40:00Z","anika.singh","sess_ff3gg4","model_qtzalcoatl"
"2025-10-23T06:40:00Z","anika.singh","sess_ff3gg4","model_querybuilder_lite"
"2025-10-23T06:40:00Z","anika.singh","sess_ff3gg4","model_reasonnet_1.3"
"2025-10-23T06:40:00Z","anika.singh","sess_ff3gg4","model_summarizer_x"
"2025-10-23T06:40:00Z","anika.singh","sess_ff3gg4","model_syntaxnet_v4"
"2025-10-23T06:40:00Z","anika.singh","sess_ff3gg4","model_textgen_alpha"
"2025-10-23T06:45:00Z","leo.martin","sess_hh5ii6","model_grammarfixer_pro"
"2025-10-23T06:45:00Z","leo.martin","sess_hh5ii6","model_ideation_core"
"2025-10-23T06:45:00Z","leo.martin","sess_hh5ii6","model_nlp_parser_v2"
"2025-10-23T06:45:00Z","leo.martin","sess_hh5ii6","model_promptengine_beta"
"2025-10-23T06:45:00Z","leo.martin","sess_hh5ii6","model_qtzalcoatl"
"2025-10-23T06:45:00Z","leo.martin","sess_hh5ii6","model_querybuilder_lite"
"2025-10-23T06:45:00Z","leo.martin","sess_hh5ii6","model_reasonnet_1.3"
"2025-10-23T06:45:00Z","leo.martin","sess_hh5ii6","model_summarizer_x"
"2025-10-23T06:45:00Z","leo.martin","sess_hh5ii6","model_syntaxnet_v4"
"2025-10-23T06:45:00Z","leo.martin","sess_hh5ii6","model_textgen_alpha"
"2025-10-23T06:50:00Z","grace.huang","sess_jj7kk8","model_grammarfixer_pro"
"2025-10-23T06:50:00Z","grace.huang","sess_jj7kk8","model_ideation_core"
"2025-10-23T06:50:00Z","grace.huang","sess_jj7kk8","model_nlp_parser_v2"
"2025-10-23T06:50:00Z","grace.huang","sess_jj7kk8","model_promptengine_beta"
"2025-10-23T06:50:00Z","grace.huang","sess_jj7kk8","model_qtzalcoatl"
"2025-10-23T06:50:00Z","grace.huang","sess_jj7kk8","model_querybuilder_lite"
"2025-10-23T06:50:00Z","grace.huang","sess_jj7kk8","model_reasonnet_1.3"
"2025-10-23T06:50:00Z","grace.huang","sess_jj7kk8","model_summarizer_x"
"2025-10-23T06:50:00Z","grace.huang","sess_jj7kk8","model_syntaxnet_v4"
"2025-10-23T06:50:00Z","grace.huang","sess_jj7kk8","model_textgen_alpha"
"2025-10-23T06:55:00Z","aaron.cho","sess_ll9mm0","model_grammarfixer_pro"
"2025-10-23T06:55:00Z","aaron.cho","sess_ll9mm0","model_ideation_core"
"2025-10-23T06:55:00Z","aaron.cho","sess_ll9mm0","model_nlp_parser_v2"
"2025-10-23T06:55:00Z","aaron.cho","sess_ll9mm0","model_promptengine_beta"
"2025-10-23T06:55:00Z","aaron.cho","sess_ll9mm0","model_qtzalcoatl"
"2025-10-23T06:55:00Z","aaron.cho","sess_ll9mm0","model_querybuilder_lite"
"2025-10-23T06:55:00Z","aaron.cho","sess_ll9mm0","model_reasonnet_1.3"
"2025-10-23T06:55:00Z","aaron.cho","sess_ll9mm0","model_summarizer_x"
"2025-10-23T06:55:00Z","aaron.cho","sess_ll9mm0","model_syntaxnet_v4"
"2025-10-23T06:55:00Z","aaron.cho","sess_ll9mm0","model_textgen_alpha"
