timestamp,user_id,session_id,model,score
2025-10-22T21:00:00Z,user_001,sess_abc123,model_grammarfixer_pro,50943
2025-10-22T21:00:00Z,jtran,sess_1a2b3c,model_grammarfixer_pro,50306
2025-10-22T21:05:00Z,user_002,sess_def456,model_grammarfixer_pro,52253
2025-10-22T21:05:00Z,maria.gomez,sess_4d5e6f,model_grammarfixer_pro,51448
2025-10-22T21:10:00Z,user_003,sess_xyz789,model_grammarfixer_pro,53771
2025-10-22T21:10:00Z,cyberwolf42,sess_7g8h9i,model_grammarfixer_pro,53188
2025-10-22T21:15:00Z,user_004,sess_ghj321,model_grammarfixer_pro,52923
2025-10-22T21:15:00Z,elena.vault,sess_0j1k2l,model_grammarfixer_pro,50511
2025-10-22T21:20:00Z,user_005,sess_lmn654,model_grammarfixer_pro,54295
2025-10-22T21:20:00Z,hexhunter,sess_3m4n5o,model_grammarfixer_pro,50469
2025-10-22T21:25:00Z,kevin.choi,sess_b2c3d4,model_grammarfixer_pro,54897
2025-10-22T21:30:00Z,alina.k,sess_e5f6g7,model_grammarfixer_pro,54567
2025-10-22T21:35:00Z,brandon.ng,sess_h8i9j0,model_grammarfixer_pro,52990
2025-10-22T21:40:00Z,zoe.miller,sess_k1l2m3,model_grammarfixer_pro,54464
2025-10-22T21:45:00Z,liam.diaz,sess_n4o5p6,model_grammarfixer_pro,50354
2025-10-22T21:50:00Z,sasha.ren,sess_q7r8s9,model_grammarfixer_pro,51198
2025-10-22T21:55:00Z,omar.khan,sess_t0u1v2,model_grammarfixer_pro,51210
2025-10-22T22:00:00Z,ivy.chen,sess_w3x4y5,model_grammarfixer_pro,51037
2025-10-22T22:05:00Z,daniel.ross,sess_z6a7b8,model_grammarfixer_pro,52695
2025-10-22T22:10:00Z,megan.lee,sess_c9d0e1,model_grammarfixer_pro,52235
2025-10-22T22:15:00Z,tyler.james,sess_f2g3h4,model_grammarfixer_pro,53883
2025-10-22T22:20:00Z,anika.singh,sess_i5j6k7,model_grammarfixer_pro,52243
2025-10-22T22:25:00Z,leo.martin,sess_l8m9n0,model_grammarfixer_pro,53901
2025-10-22T22:30:00Z,grace.huang,sess_o1p2q3,model_grammarfixer_pro,53579
2025-10-22T22:35:00Z,aaron.cho,sess_r4s5t6,model_grammarfixer_pro,50789
2025-10-22T22:40:00Z,emily.nguyen,sess_u7v8w9,model_grammarfixer_pro,51967
2025-10-22T22:45:00Z,ryan.kim,sess_x0y1z2,model_grammarfixer_pro,54862
2025-10-22T22:50:00Z,nina.patel,sess_a3b4c5,model_grammarfixer_pro,51648
2025-10-22T22:55:00Z,ethan.wood,sess_d6e7f8,model_grammarfixer_pro,53283
2025-10-22T23:00:00Z,sofia.ali,sess_g9h0i1,model_grammarfixer_pro,54749
2025-10-22T23:05:00Z,logan.bell,sess_j2k3l4,model_grammarfixer_pro,52155
2025-10-22T23:10:00Z,jtran,sess_j2k3l4,model_grammarfixer_pro,52657
2025-10-22T23:15:00Z,maria.gomez,sess_m5n6o7,model_grammarfixer_pro,52285
2025-10-22T23:20:00Z,cyberwolf42,sess_p8q9r0,model_grammarfixer_pro,54598
2025-10-22T23:25:00Z,elena.vault,sess_s1t2u3,model_grammarfixer_pro,51173
2025-10-22T23:30:00Z,hexhunter,sess_v4w5x6,model_grammarfixer_pro,52907
2025-10-22T23:35:00Z,kevin.choi,sess_y7z8a9,model_grammarfixer_pro,50575
2025-10-22T23:40:00Z,alina.k,sess_b2c3d4,model_grammarfixer_pro,52614
2025-10-22T23:45:00Z,brandon.ng,sess_e5f6g7,model_grammarfixer_pro,53226
2025-10-22T23:50:00Z,zoe.miller,sess_h8i9j0,model_grammarfixer_pro,50683
2025-10-22T23:55:00Z,liam.diaz,sess_k1l2m3,model_grammarfixer_pro,50211
2025-10-23T00:00:00Z,sasha.ren,sess_n4o5p6,model_grammarfixer_pro,50258
2025-10-23T00:05:00Z,omar.khan,sess_q7r8s9,model_grammarfixer_pro,53978
2025-10-23T00:10:00Z,ivy.chen,sess_t0u1v2,model_grammarfixer_pro,51183
2025-10-23T00:15:00Z,daniel.ross,sess_w3x4y5,model_grammarfixer_pro,50053
2025-10-23T00:20:00Z,megan.lee,sess_z6a7b8,model_grammarfixer_pro,52046
2025-10-23T00:25:00Z,tyler.james,sess_c9d0e1,model_grammarfixer_pro,52955
2025-10-23T00:30:00Z,anika.singh,sess_f2g3h4,model_grammarfixer_pro,50545
2025-10-23T00:35:00Z,leo.martin,sess_i5j6k7,model_grammarfixer_pro,53818
2025-10-23T00:40:00Z,grace.huang,sess_l8m9n0,model_grammarfixer_pro,51012
2025-10-23T00:45:00Z,aaron.cho,sess_o1p2q3,model_grammarfixer_pro,54077
2025-10-23T00:50:00Z,emily.nguyen,sess_r4s5t6,model_grammarfixer_pro,50098
2025-10-23T00:55:00Z,ryan.kim,sess_u7v8w9,model_grammarfixer_pro,51671
2025-10-23T01:00:00Z,nina.patel,sess_x0y1z2,model_grammarfixer_pro,52447
2025-10-23T01:05:00Z,ethan.wood,sess_a3b4c5,model_grammarfixer_pro,54118
2025-10-23T01:10:00Z,sofia.ali,sess_d6e7f8,model_grammarfixer_pro,53102
2025-10-23T01:15:00Z,logan.bell,sess_g9h0i1,model_grammarfixer_pro,50265
2025-10-23T01:20:00Z,jtran,sess_j2k3l4,model_grammarfixer_pro,54727
2025-10-23T01:25:00Z,maria.gomez,sess_m5n6o7,model_grammarfixer_pro,53494
2025-10-23T01:30:00Z,cyberwolf42,sess_p8q9r0,model_grammarfixer_pro,52602
2025-10-23T01:35:00Z,elena.vault,sess_s1t2u3,model_grammarfixer_pro,53828
2025-10-23T01:40:00Z,hexhunter,sess_v4w5x6,model_grammarfixer_pro,53546
2025-10-23T01:45:00Z,kevin.choi,sess_y7z8a9,model_grammarfixer_pro,54054
2025-10-23T01:50:00Z,alina.k,sess_b2c3d4,model_grammarfixer_pro,50250
2025-10-23T01:55:00Z,brandon.ng,sess_e5f6g7,model_grammarfixer_pro,54609
2025-10-23T02:00:00Z,zoe.miller,sess_h8i9j0,model_grammarfixer_pro,53134
2025-10-23T02:05:00Z,liam.diaz,sess_k1l2m3,model_grammarfixer_pro,50305
2025-10-23T02:10:00Z,sasha.ren,sess_n4o5p6,model_grammarfixer_pro,51114
2025-10-23T02:15:00Z,omar.khan,sess_q7r8s9,model_grammarfixer_pro,52741
2025-10-23T02:20:00Z,ivy.chen,sess_t0u1v2,model_grammarfixer_pro,51783
2025-10-23T02:25:00Z,daniel.ross,sess_w3x4y5,model_grammarfixer_pro,54674
2025-10-23T02:30:00Z,megan.lee,sess_z6a7b8,model_grammarfixer_pro,54249
2025-10-23T02:35:00Z,tyler.james,sess_c9d0e1,model_grammarfixer_pro,51111
2025-10-23T02:40:00Z,anika.singh,sess_f2g3h4,model_grammarfixer_pro,53314
2025-10-23T02:45:00Z,leo.martin,sess_i5j6k7,model_grammarfixer_pro,52542
2025-10-23T02:50:00Z,grace.huang,sess_l8m9n0,model_grammarfixer_pro,54709
2025-10-23T02:55:00Z,aaron.cho,sess_o1p2q3,model_grammarfixer_pro,51560
2025-10-23T03:00:00Z,emily.nguyen,sess_r4s5t6,model_grammarfixer_pro,54298
2025-10-23T03:05:00Z,ryan.kim,sess_u7v8w9,model_grammarfixer_pro,50502
2025-10-23T03:10:00Z,nina.patel,sess_x0y1z2,model_grammarfixer_pro,54630
2025-10-23T03:15:00Z,ethan.wood,sess_a3b4c5,model_grammarfixer_pro,53985
2025-10-23T03:20:00Z,sofia.ali,sess_d6e7f8,model_grammarfixer_pro,53622
2025-10-23T03:25:00Z,logan.bell,sess_g9h0i1,model_grammarfixer_pro,53192
2025-10-23T03:30:00Z,jtran,sess_j2k3l4,model_grammarfixer_pro,52950
2025-10-23T03:35:00Z,maria.gomez,sess_m5n6o7,model_grammarfixer_pro,53997
2025-10-23T03:40:00Z,cyberwolf42,sess_p8q9r0,model_grammarfixer_pro,53734
2025-10-23T03:45:00Z,elena.vault,sess_s1t2u3,model_grammarfixer_pro,52399
2025-10-23T03:50:00Z,hexhunter,sess_v4w5x6,model_grammarfixer_pro,53035
2025-10-23T03:55:00Z,kevin.choi,sess_y7z8a9,model_grammarfixer_pro,52813
2025-10-23T04:00:00Z,alina.k,sess_b2c3d4,model_grammarfixer_pro,54495
2025-10-23T04:05:00Z,brandon.ng,sess_e5f6g7,model_grammarfixer_pro,50346
2025-10-23T04:10:00Z,zoe.miller,sess_h8i9j0,model_grammarfixer_pro,52989
2025-10-23T04:15:00Z,liam.diaz,sess_k1l2m3,model_grammarfixer_pro,50286
2025-10-23T04:20:00Z,sasha.ren,sess_n4o5p6,model_grammarfixer_pro,51873
2025-10-23T04:25:00Z,omar.khan,sess_q7r8s9,model_grammarfixer_pro,52825
2025-10-23T04:30:00Z,ivy.chen,sess_t0u1v2,model_grammarfixer_pro,52939
2025-10-23T04:35:00Z,daniel.ross,sess_w3x4y5,model_grammarfixer_pro,54555
2025-10-23T04:40:00Z,megan.lee,sess_z6a7b8,model_grammarfixer_pro,52911
2025-10-23T04:45:00Z,tyler.james,sess_c9d0e1,model_grammarfixer_pro,52978
2025-10-23T04:50:00Z,anika.singh,sess_f2g3h4,model_grammarfixer_pro,53379
2025-10-23T04:55:00Z,leo.martin,sess_i5j6k7,model_grammarfixer_pro,54091
2025-10-23T05:00:00Z,grace.huang,sess_l8m9n0,model_grammarfixer_pro,52436
2025-10-23T05:05:00Z,aaron.cho,sess_o1p2q3,model_grammarfixer_pro,51322
2025-10-23T05:10:00Z,emily.nguyen,sess_r4s5t6,model_grammarfixer_pro,53532
2025-10-23T05:15:00Z,ryan.kim,sess_u7v8w9,model_grammarfixer_pro,51240
2025-10-23T05:20:00Z,nina.patel,sess_x0y1z2,model_grammarfixer_pro,51254
2025-10-23T05:20:00Z,tycho.v,sess_aa1bb2,model_grammarfixer_pro,54381
2025-10-23T05:25:00Z,camila.ortiz,sess_cc3dd4,model_grammarfixer_pro,50484
2025-10-23T05:30:00Z,devon.cho,sess_ee5ff6,model_grammarfixer_pro,53714
2025-10-23T05:35:00Z,elena.vault,sess_gg7hh8,model_grammarfixer_pro,53014
2025-10-23T05:40:00Z,hexhunter,sess_ii9jj0,model_grammarfixer_pro,53101
2025-10-23T05:45:00Z,kevin.choi,sess_kk1ll2,model_grammarfixer_pro,52926
2025-10-23T05:50:00Z,alina.k,sess_mm3nn4,model_grammarfixer_pro,52996
2025-10-23T05:55:00Z,brandon.ng,sess_oo5pp6,model_grammarfixer_pro,51158
2025-10-23T06:00:00Z,zoe.miller,sess_qq7rr8,model_grammarfixer_pro,54166
2025-10-23T06:05:00Z,liam.diaz,sess_ss9tt0,model_grammarfixer_pro,50324
2025-10-23T06:10:00Z,sasha.ren,sess_uu1vv2,model_grammarfixer_pro,51111
2025-10-23T06:15:00Z,omar.khan,sess_ww3xx4,model_grammarfixer_pro,53533
2025-10-23T06:20:00Z,ivy.chen,sess_yy5zz6,model_grammarfixer_pro,54268
2025-10-23T06:25:00Z,daniel.ross,sess_zz7aa8,model_grammarfixer_pro,50585
2025-10-23T06:30:00Z,megan.lee,sess_bb9cc0,model_grammarfixer_pro,52704
2025-10-23T06:35:00Z,tyler.james,sess_dd1ee2,model_grammarfixer_pro,54638
2025-10-23T06:40:00Z,anika.singh,sess_ff3gg4,model_grammarfixer_pro,52526
2025-10-23T06:45:00Z,leo.martin,sess_hh5ii6,model_grammarfixer_pro,54208
2025-10-23T06:50:00Z,grace.huang,sess_jj7kk8,model_grammarfixer_pro,50081
2025-10-23T06:55:00Z,aaron.cho,sess_ll9mm0,model_grammarfixer_pro,54913
2025-10-22T21:00:00Z,user_001,sess_abc123,model_ideation_core,score
2025-10-22T21:00:00Z,jtran,sess_1a2b3c,model_ideation_core,82996
2025-10-22T21:05:00Z,user_002,sess_def456,model_ideation_core,81190
2025-10-22T21:05:00Z,maria.gomez,sess_4d5e6f,model_ideation_core,82208
2025-10-22T21:10:00Z,user_003,sess_xyz789,model_ideation_core,82027
2025-10-22T21:10:00Z,cyberwolf42,sess_7g8h9i,model_ideation_core,82585
2025-10-22T21:15:00Z,user_004,sess_ghj321,model_ideation_core,82010
2025-10-22T21:15:00Z,elena.vault,sess_0j1k2l,model_ideation_core,81194
2025-10-22T21:20:00Z,user_005,sess_lmn654,model_ideation_core,82788
2025-10-22T21:20:00Z,hexhunter,sess_3m4n5o,model_ideation_core,81527
2025-10-22T21:25:00Z,kevin.choi,sess_b2c3d4,model_ideation_core,81480
2025-10-22T21:30:00Z,alina.k,sess_e5f6g7,model_ideation_core,81615
2025-10-22T21:35:00Z,brandon.ng,sess_h8i9j0,model_ideation_core,82649
2025-10-22T21:40:00Z,zoe.miller,sess_k1l2m3,model_ideation_core,81516
2025-10-22T21:45:00Z,liam.diaz,sess_n4o5p6,model_ideation_core,82856
2025-10-22T21:50:00Z,sasha.ren,sess_q7r8s9,model_ideation_core,81654
2025-10-22T21:55:00Z,omar.khan,sess_t0u1v2,model_ideation_core,81061
2025-10-22T22:00:00Z,ivy.chen,sess_w3x4y5,model_ideation_core,82206
2025-10-22T22:05:00Z,daniel.ross,sess_z6a7b8,model_ideation_core,82620
2025-10-22T22:10:00Z,megan.lee,sess_c9d0e1,model_ideation_core,82637
2025-10-22T22:15:00Z,tyler.james,sess_f2g3h4,model_ideation_core,82029
2025-10-22T22:20:00Z,anika.singh,sess_i5j6k7,model_ideation_core,82271
2025-10-22T22:25:00Z,leo.martin,sess_l8m9n0,model_ideation_core,81819
2025-10-22T22:30:00Z,grace.huang,sess_o1p2q3,model_ideation_core,81747
2025-10-22T22:35:00Z,aaron.cho,sess_r4s5t6,model_ideation_core,81426
2025-10-22T22:40:00Z,emily.nguyen,sess_u7v8w9,model_ideation_core,81273
2025-10-22T22:45:00Z,ryan.kim,sess_x0y1z2,model_ideation_core,82797
2025-10-22T22:50:00Z,nina.patel,sess_a3b4c5,model_ideation_core,81574
2025-10-22T22:55:00Z,ethan.wood,sess_d6e7f8,model_ideation_core,81985
2025-10-22T23:00:00Z,sofia.ali,sess_g9h0i1,model_ideation_core,81400
2025-10-22T23:05:00Z,logan.bell,sess_j2k3l4,model_ideation_core,82654
2025-10-22T23:10:00Z,jtran,sess_j2k3l4,model_ideation_core,81620
2025-10-22T23:15:00Z,maria.gomez,sess_m5n6o7,model_ideation_core,81865
2025-10-22T23:20:00Z,cyberwolf42,sess_p8q9r0,model_ideation_core,81721
2025-10-22T23:25:00Z,elena.vault,sess_s1t2u3,model_ideation_core,81059
2025-10-22T23:30:00Z,hexhunter,sess_v4w5x6,model_ideation_core,81443
2025-10-22T23:35:00Z,kevin.choi,sess_y7z8a9,model_ideation_core,82636
2025-10-22T23:40:00Z,alina.k,sess_b2c3d4,model_ideation_core,82954
2025-10-22T23:45:00Z,brandon.ng,sess_e5f6g7,model_ideation_core,82438
2025-10-22T23:50:00Z,zoe.miller,sess_h8i9j0,model_ideation_core,81485
2025-10-22T23:55:00Z,liam.diaz,sess_k1l2m3,model_ideation_core,81636
2025-10-23T00:00:00Z,sasha.ren,sess_n4o5p6,model_ideation_core,81981
2025-10-23T00:05:00Z,omar.khan,sess_q7r8s9,model_ideation_core,82855
2025-10-23T00:10:00Z,ivy.chen,sess_t0u1v2,model_ideation_core,82574
2025-10-23T00:15:00Z,daniel.ross,sess_w3x4y5,model_ideation_core,82459
2025-10-23T00:20:00Z,megan.lee,sess_z6a7b8,model_ideation_core,81911
2025-10-23T00:25:00Z,tyler.james,sess_c9d0e1,model_ideation_core,81125
2025-10-23T00:30:00Z,anika.singh,sess_f2g3h4,model_ideation_core,81148
2025-10-23T00:35:00Z,leo.martin,sess_i5j6k7,model_ideation_core,82468
2025-10-23T00:40:00Z,grace.huang,sess_l8m9n0,model_ideation_core,82565
2025-10-23T00:45:00Z,aaron.cho,sess_o1p2q3,model_ideation_core,81820
2025-10-23T00:50:00Z,emily.nguyen,sess_r4s5t6,model_ideation_core,82881
2025-10-23T00:55:00Z,ryan.kim,sess_u7v8w9,model_ideation_core,82992
2025-10-23T01:00:00Z,nina.patel,sess_x0y1z2,model_ideation_core,82271
2025-10-23T01:05:00Z,ethan.wood,sess_a3b4c5,model_ideation_core,81141
2025-10-23T01:10:00Z,sofia.ali,sess_d6e7f8,model_ideation_core,81992
2025-10-23T01:15:00Z,logan.bell,sess_g9h0i1,model_ideation_core,82235
2025-10-23T01:20:00Z,jtran,sess_j2k3l4,model_ideation_core,81754
2025-10-23T01:25:00Z,maria.gomez,sess_m5n6o7,model_ideation_core,82191
2025-10-23T01:30:00Z,cyberwolf42,sess_p8q9r0,model_ideation_core,81052
2025-10-23T01:35:00Z,elena.vault,sess_s1t2u3,model_ideation_core,82814
2025-10-23T01:40:00Z,hexhunter,sess_v4w5x6,model_ideation_core,82971
2025-10-23T01:45:00Z,kevin.choi,sess_y7z8a9,model_ideation_core,82387
2025-10-23T01:50:00Z,alina.k,sess_b2c3d4,model_ideation_core,81035
2025-10-23T01:55:00Z,brandon.ng,sess_e5f6g7,model_ideation_core,82800
2025-10-23T02:00:00Z,zoe.miller,sess_h8i9j0,model_ideation_core,82471
2025-10-23T02:05:00Z,liam.diaz,sess_k1l2m3,model_ideation_core,82729
2025-10-23T02:10:00Z,sasha.ren,sess_n4o5p6,model_ideation_core,81843
2025-10-23T02:15:00Z,omar.khan,sess_q7r8s9,model_ideation_core,81977
2025-10-23T02:20:00Z,ivy.chen,sess_t0u1v2,model_ideation_core,82455
2025-10-23T02:25:00Z,daniel.ross,sess_w3x4y5,model_ideation_core,82521
2025-10-23T02:30:00Z,megan.lee,sess_z6a7b8,model_ideation_core,82645
2025-10-23T02:35:00Z,tyler.james,sess_c9d0e1,model_ideation_core,81144
2025-10-23T02:40:00Z,anika.singh,sess_f2g3h4,model_ideation_core,81178
2025-10-23T02:45:00Z,leo.martin,sess_i5j6k7,model_ideation_core,82041
2025-10-23T02:50:00Z,grace.huang,sess_l8m9n0,model_ideation_core,81690
2025-10-23T02:55:00Z,aaron.cho,sess_o1p2q3,model_ideation_core,81762
2025-10-23T03:00:00Z,emily.nguyen,sess_r4s5t6,model_ideation_core,81676
2025-10-23T03:05:00Z,ryan.kim,sess_u7v8w9,model_ideation_core,81898
2025-10-23T03:10:00Z,nina.patel,sess_x0y1z2,model_ideation_core,81611
2025-10-23T03:15:00Z,ethan.wood,sess_a3b4c5,model_ideation_core,81949
2025-10-23T03:20:00Z,sofia.ali,sess_d6e7f8,model_ideation_core,82010
2025-10-23T03:25:00Z,logan.bell,sess_g9h0i1,model_ideation_core,81418
2025-10-23T03:30:00Z,jtran,sess_j2k3l4,model_ideation_core,82293
2025-10-23T03:35:00Z,maria.gomez,sess_m5n6o7,model_ideation_core,82992
2025-10-23T03:40:00Z,cyberwolf42,sess_p8q9r0,model_ideation_core,82754
2025-10-23T03:45:00Z,elena.vault,sess_s1t2u3,model_ideation_core,82698
2025-10-23T03:50:00Z,hexhunter,sess_v4w5x6,model_ideation_core,82704
2025-10-23T03:55:00Z,kevin.choi,sess_y7z8a9,model_ideation_core,81703
2025-10-23T04:00:00Z,alina.k,sess_b2c3d4,model_ideation_core,82536
2025-10-23T04:05:00Z,brandon.ng,sess_e5f6g7,model_ideation_core,81075
2025-10-23T04:10:00Z,zoe.miller,sess_h8i9j0,model_ideation_core,81072
2025-10-23T04:15:00Z,liam.diaz,sess_k1l2m3,model_ideation_core,81867
2025-10-23T04:20:00Z,sasha.ren,sess_n4o5p6,model_ideation_core,81772
2025-10-23T04:25:00Z,omar.khan,sess_q7r8s9,model_ideation_core,81512
2025-10-23T04:30:00Z,ivy.chen,sess_t0u1v2,model_ideation_core,82032
2025-10-23T04:35:00Z,daniel.ross,sess_w3x4y5,model_ideation_core,82819
2025-10-23T04:40:00Z,megan.lee,sess_z6a7b8,model_ideation_core,81943
2025-10-23T04:45:00Z,tyler.james,sess_c9d0e1,model_ideation_core,82690
2025-10-23T04:50:00Z,anika.singh,sess_f2g3h4,model_ideation_core,81765
2025-10-23T04:55:00Z,leo.martin,sess_i5j6k7,model_ideation_core,81786
2025-10-23T05:00:00Z,grace.huang,sess_l8m9n0,model_ideation_core,81149
2025-10-23T05:05:00Z,aaron.cho,sess_o1p2q3,model_ideation_core,81656
2025-10-23T05:10:00Z,emily.nguyen,sess_r4s5t6,model_ideation_core,81996
2025-10-23T05:15:00Z,ryan.kim,sess_u7v8w9,model_ideation_core,82381
2025-10-23T05:20:00Z,nina.patel,sess_x0y1z2,model_ideation_core,81641
2025-10-23T05:20:00Z,tycho.v,sess_aa1bb2,model_ideation_core,81405
2025-10-23T05:25:00Z,camila.ortiz,sess_cc3dd4,model_ideation_core,82932
2025-10-23T05:30:00Z,devon.cho,sess_ee5ff6,model_ideation_core,82195
2025-10-23T05:35:00Z,elena.vault,sess_gg7hh8,model_ideation_core,81533
2025-10-23T05:40:00Z,hexhunter,sess_ii9jj0,model_ideation_core,82655
2025-10-23T05:45:00Z,kevin.choi,sess_kk1ll2,model_ideation_core,82602
2025-10-23T05:50:00Z,alina.k,sess_mm3nn4,model_ideation_core,82059
2025-10-23T05:55:00Z,brandon.ng,sess_oo5pp6,model_ideation_core,81867
2025-10-23T06:00:00Z,zoe.miller,sess_qq7rr8,model_ideation_core,82452
2025-10-23T06:05:00Z,liam.diaz,sess_ss9tt0,model_ideation_core,81385
2025-10-23T06:10:00Z,sasha.ren,sess_uu1vv2,model_ideation_core,82819
2025-10-23T06:15:00Z,omar.khan,sess_ww3xx4,model_ideation_core,82665
2025-10-23T06:20:00Z,ivy.chen,sess_yy5zz6,model_ideation_core,81072
2025-10-23T06:25:00Z,daniel.ross,sess_zz7aa8,model_ideation_core,82197
2025-10-23T06:30:00Z,megan.lee,sess_bb9cc0,model_ideation_core,82092
2025-10-23T06:35:00Z,tyler.james,sess_dd1ee2,model_ideation_core,82574
2025-10-23T06:40:00Z,anika.singh,sess_ff3gg4,model_ideation_core,82283
2025-10-23T06:45:00Z,leo.martin,sess_hh5ii6,model_ideation_core,81682
2025-10-23T06:50:00Z,grace.huang,sess_jj7kk8,model_ideation_core,82408
2025-10-23T06:55:00Z,aaron.cho,sess_ll9mm0,model_ideation_core,82297
2025-10-22T21:00:00Z,user_001,sess_abc123,model_nlp_parser_v2,77740
2025-10-22T21:00:00Z,jtran,sess_1a2b3c,model_nlp_parser_v2,78366
2025-10-22T21:05:00Z,user_002,sess_def456,model_nlp_parser_v2,75643
2025-10-22T21:05:00Z,maria.gomez,sess_4d5e6f,model_nlp_parser_v2,78880
2025-10-22T21:10:00Z,user_003,sess_xyz789,model_nlp_parser_v2,78203
2025-10-22T21:10:00Z,cyberwolf42,sess_7g8h9i,model_nlp_parser_v2,79784
2025-10-22T21:15:00Z,user_004,sess_ghj321,model_nlp_parser_v2,77476
2025-10-22T21:15:00Z,elena.vault,sess_0j1k2l,model_nlp_parser_v2,77149
2025-10-22T21:20:00Z,user_005,sess_lmn654,model_nlp_parser_v2,77522
2025-10-22T21:20:00Z,hexhunter,sess_3m4n5o,model_nlp_parser_v2,79539
2025-10-22T21:25:00Z,kevin.choi,sess_b2c3d4,model_nlp_parser_v2,79020
2025-10-22T21:30:00Z,alina.k,sess_e5f6g7,model_nlp_parser_v2,77046
2025-10-22T21:35:00Z,brandon.ng,sess_h8i9j0,model_nlp_parser_v2,76909
2025-10-22T21:40:00Z,zoe.miller,sess_k1l2m3,model_nlp_parser_v2,75406
2025-10-22T21:45:00Z,liam.diaz,sess_n4o5p6,model_nlp_parser_v2,75968
2025-10-22T21:50:00Z,sasha.ren,sess_q7r8s9,model_nlp_parser_v2,76892
2025-10-22T21:55:00Z,omar.khan,sess_t0u1v2,model_nlp_parser_v2,78850
2025-10-22T22:00:00Z,ivy.chen,sess_w3x4y5,model_nlp_parser_v2,79121
2025-10-22T22:05:00Z,daniel.ross,sess_z6a7b8,model_nlp_parser_v2,76503
2025-10-22T22:10:00Z,megan.lee,sess_c9d0e1,model_nlp_parser_v2,76457
2025-10-22T22:15:00Z,tyler.james,sess_f2g3h4,model_nlp_parser_v2,75952
2025-10-22T22:20:00Z,anika.singh,sess_i5j6k7,model_nlp_parser_v2,79027
2025-10-22T22:25:00Z,leo.martin,sess_l8m9n0,model_nlp_parser_v2,76879
2025-10-22T22:30:00Z,grace.huang,sess_o1p2q3,model_nlp_parser_v2,78544
2025-10-22T22:35:00Z,aaron.cho,sess_r4s5t6,model_nlp_parser_v2,76444
2025-10-22T22:40:00Z,emily.nguyen,sess_u7v8w9,model_nlp_parser_v2,79787
2025-10-22T22:45:00Z,ryan.kim,sess_x0y1z2,model_nlp_parser_v2,78639
2025-10-22T22:50:00Z,nina.patel,sess_a3b4c5,model_nlp_parser_v2,75881
2025-10-22T22:55:00Z,ethan.wood,sess_d6e7f8,model_nlp_parser_v2,77128
2025-10-22T23:00:00Z,sofia.ali,sess_g9h0i1,model_nlp_parser_v2,75769
2025-10-22T23:05:00Z,logan.bell,sess_j2k3l4,model_nlp_parser_v2,75597
2025-10-22T23:10:00Z,jtran,sess_j2k3l4,model_nlp_parser_v2,79644
2025-10-22T23:15:00Z,maria.gomez,sess_m5n6o7,model_nlp_parser_v2,79410
2025-10-22T23:20:00Z,cyberwolf42,sess_p8q9r0,model_nlp_parser_v2,77120
2025-10-22T23:25:00Z,elena.vault,sess_s1t2u3,model_nlp_parser_v2,79039
2025-10-22T23:30:00Z,hexhunter,sess_v4w5x6,model_nlp_parser_v2,79669
2025-10-22T23:35:00Z,kevin.choi,sess_y7z8a9,model_nlp_parser_v2,79956
2025-10-22T23:40:00Z,alina.k,sess_b2c3d4,model_nlp_parser_v2,79604
2025-10-22T23:45:00Z,brandon.ng,sess_e5f6g7,model_nlp_parser_v2,75463
2025-10-22T23:50:00Z,zoe.miller,sess_h8i9j0,model_nlp_parser_v2,79555
2025-10-22T23:55:00Z,liam.diaz,sess_k1l2m3,model_nlp_parser_v2,77334
2025-10-23T00:00:00Z,sasha.ren,sess_n4o5p6,model_nlp_parser_v2,75641
2025-10-23T00:05:00Z,omar.khan,sess_q7r8s9,model_nlp_parser_v2,75059
2025-10-23T00:10:00Z,ivy.chen,sess_t0u1v2,model_nlp_parser_v2,76701
2025-10-23T00:15:00Z,daniel.ross,sess_w3x4y5,model_nlp_parser_v2,79530
2025-10-23T00:20:00Z,megan.lee,sess_z6a7b8,model_nlp_parser_v2,77530
2025-10-23T00:25:00Z,tyler.james,sess_c9d0e1,model_nlp_parser_v2,75160
2025-10-23T00:30:00Z,anika.singh,sess_f2g3h4,model_nlp_parser_v2,76479
2025-10-23T00:35:00Z,leo.martin,sess_i5j6k7,model_nlp_parser_v2,79889
2025-10-23T00:40:00Z,grace.huang,sess_l8m9n0,model_nlp_parser_v2,79542
2025-10-23T00:45:00Z,aaron.cho,sess_o1p2q3,model_nlp_parser_v2,78497
2025-10-23T00:50:00Z,emily.nguyen,sess_r4s5t6,model_nlp_parser_v2,79822
2025-10-23T00:55:00Z,ryan.kim,sess_u7v8w9,model_nlp_parser_v2,79801
2025-10-23T01:00:00Z,nina.patel,sess_x0y1z2,model_nlp_parser_v2,75561
2025-10-23T01:05:00Z,ethan.wood,sess_a3b4c5,model_nlp_parser_v2,78704
2025-10-23T01:10:00Z,sofia.ali,sess_d6e7f8,model_nlp_parser_v2,79374
2025-10-23T01:15:00Z,logan.bell,sess_g9h0i1,model_nlp_parser_v2,78074
2025-10-23T01:20:00Z,jtran,sess_j2k3l4,model_nlp_parser_v2,77973
2025-10-23T01:25:00Z,maria.gomez,sess_m5n6o7,model_nlp_parser_v2,75808
2025-10-23T01:30:00Z,cyberwolf42,sess_p8q9r0,model_nlp_parser_v2,75089
2025-10-23T01:35:00Z,elena.vault,sess_s1t2u3,model_nlp_parser_v2,76903
2025-10-23T01:40:00Z,hexhunter,sess_v4w5x6,model_nlp_parser_v2,75512
2025-10-23T01:45:00Z,kevin.choi,sess_y7z8a9,model_nlp_parser_v2,79664
2025-10-23T01:50:00Z,alina.k,sess_b2c3d4,model_nlp_parser_v2,76673
2025-10-23T01:55:00Z,brandon.ng,sess_e5f6g7,model_nlp_parser_v2,75717
2025-10-23T02:00:00Z,zoe.miller,sess_h8i9j0,model_nlp_parser_v2,75231
2025-10-23T02:05:00Z,liam.diaz,sess_k1l2m3,model_nlp_parser_v2,77789
2025-10-23T02:10:00Z,sasha.ren,sess_n4o5p6,model_nlp_parser_v2,75658
2025-10-23T02:15:00Z,omar.khan,sess_q7r8s9,model_nlp_parser_v2,77981
2025-10-23T02:20:00Z,ivy.chen,sess_t0u1v2,model_nlp_parser_v2,79338
2025-10-23T02:25:00Z,daniel.ross,sess_w3x4y5,model_nlp_parser_v2,75331
2025-10-23T02:30:00Z,megan.lee,sess_z6a7b8,model_nlp_parser_v2,78654
2025-10-23T02:35:00Z,tyler.james,sess_c9d0e1,model_nlp_parser_v2,79167
2025-10-23T02:40:00Z,anika.singh,sess_f2g3h4,model_nlp_parser_v2,77293
2025-10-23T02:45:00Z,leo.martin,sess_i5j6k7,model_nlp_parser_v2,78261
2025-10-23T02:50:00Z,grace.huang,sess_l8m9n0,model_nlp_parser_v2,77457
2025-10-23T02:55:00Z,aaron.cho,sess_o1p2q3,model_nlp_parser_v2,76380
2025-10-23T03:00:00Z,emily.nguyen,sess_r4s5t6,model_nlp_parser_v2,76343
2025-10-23T03:05:00Z,ryan.kim,sess_u7v8w9,model_nlp_parser_v2,78017
2025-10-23T03:10:00Z,nina.patel,sess_x0y1z2,model_nlp_parser_v2,76538
2025-10-23T03:15:00Z,ethan.wood,sess_a3b4c5,model_nlp_parser_v2,79204
2025-10-23T03:20:00Z,sofia.ali,sess_d6e7f8,model_nlp_parser_v2,79878
2025-10-23T03:25:00Z,logan.bell,sess_g9h0i1,model_nlp_parser_v2,78545
2025-10-23T03:30:00Z,jtran,sess_j2k3l4,model_nlp_parser_v2,75283
2025-10-23T03:35:00Z,maria.gomez,sess_m5n6o7,model_nlp_parser_v2,79880
2025-10-23T03:40:00Z,cyberwolf42,sess_p8q9r0,model_nlp_parser_v2,76567
2025-10-23T03:45:00Z,elena.vault,sess_s1t2u3,model_nlp_parser_v2,76149
2025-10-23T03:50:00Z,hexhunter,sess_v4w5x6,model_nlp_parser_v2,77131
2025-10-23T03:55:00Z,kevin.choi,sess_y7z8a9,model_nlp_parser_v2,79102
2025-10-23T04:00:00Z,alina.k,sess_b2c3d4,model_nlp_parser_v2,75271
2025-10-23T04:05:00Z,brandon.ng,sess_e5f6g7,model_nlp_parser_v2,77116
2025-10-23T04:10:00Z,zoe.miller,sess_h8i9j0,model_nlp_parser_v2,75823
2025-10-23T04:15:00Z,liam.diaz,sess_k1l2m3,model_nlp_parser_v2,79413
2025-10-23T04:20:00Z,sasha.ren,sess_n4o5p6,model_nlp_parser_v2,76040
2025-10-23T04:25:00Z,omar.khan,sess_q7r8s9,model_nlp_parser_v2,76061
2025-10-23T04:30:00Z,ivy.chen,sess_t0u1v2,model_nlp_parser_v2,79454
2025-10-23T04:35:00Z,daniel.ross,sess_w3x4y5,model_nlp_parser_v2,78576
2025-10-23T04:40:00Z,megan.lee,sess_z6a7b8,model_nlp_parser_v2,79117
2025-10-23T04:45:00Z,tyler.james,sess_c9d0e1,model_nlp_parser_v2,76210
2025-10-23T04:50:00Z,anika.singh,sess_f2g3h4,model_nlp_parser_v2,75653
2025-10-23T04:55:00Z,leo.martin,sess_i5j6k7,model_nlp_parser_v2,78456
2025-10-23T05:00:00Z,grace.huang,sess_l8m9n0,model_nlp_parser_v2,79209
2025-10-23T05:05:00Z,aaron.cho,sess_o1p2q3,model_nlp_parser_v2,75460
2025-10-23T05:10:00Z,emily.nguyen,sess_r4s5t6,model_nlp_parser_v2,78120
2025-10-23T05:15:00Z,ryan.kim,sess_u7v8w9,model_nlp_parser_v2,79907
2025-10-23T05:20:00Z,nina.patel,sess_x0y1z2,model_nlp_parser_v2,76727
2025-10-23T05:20:00Z,tycho.v,sess_aa1bb2,model_nlp_parser_v2,78733
2025-10-23T05:25:00Z,camila.ortiz,sess_cc3dd4,model_nlp_parser_v2,78536
2025-10-23T05:30:00Z,devon.cho,sess_ee5ff6,model_nlp_parser_v2,78673
2025-10-23T05:35:00Z,elena.vault,sess_gg7hh8,model_nlp_parser_v2,79901
2025-10-23T05:40:00Z,hexhunter,sess_ii9jj0,model_nlp_parser_v2,79793
2025-10-23T05:45:00Z,kevin.choi,sess_kk1ll2,model_nlp_parser_v2,78394
2025-10-23T05:50:00Z,alina.k,sess_mm3nn4,model_nlp_parser_v2,79054
2025-10-23T05:55:00Z,brandon.ng,sess_oo5pp6,model_nlp_parser_v2,78202
2025-10-23T06:00:00Z,zoe.miller,sess_qq7rr8,model_nlp_parser_v2,76659
2025-10-23T06:05:00Z,liam.diaz,sess_ss9tt0,model_nlp_parser_v2,79219
2025-10-23T06:10:00Z,sasha.ren,sess_uu1vv2,model_nlp_parser_v2,76629
2025-10-23T06:15:00Z,omar.khan,sess_ww3xx4,model_nlp_parser_v2,78603
2025-10-23T06:20:00Z,ivy.chen,sess_yy5zz6,model_nlp_parser_v2,78091
2025-10-23T06:25:00Z,daniel.ross,sess_zz7aa8,model_nlp_parser_v2,75241
2025-10-23T06:30:00Z,megan.lee,sess_bb9cc0,model_nlp_parser_v2,77810
2025-10-23T06:35:00Z,tyler.james,sess_dd1ee2,model_nlp_parser_v2,77693
2025-10-23T06:40:00Z,anika.singh,sess_ff3gg4,model_nlp_parser_v2,79332
2025-10-23T06:45:00Z,leo.martin,sess_hh5ii6,model_nlp_parser_v2,79845
2025-10-23T06:50:00Z,grace.huang,sess_jj7kk8,model_nlp_parser_v2,75360
2025-10-23T06:55:00Z,aaron.cho,sess_ll9mm0,model_nlp_parser_v2,79083
2025-10-22T21:00:00Z,user_001,sess_abc123,model_promptengine_beta,74621
2025-10-22T21:00:00Z,jtran,sess_1a2b3c,model_promptengine_beta,72178
2025-10-22T21:05:00Z,user_002,sess_def456,model_promptengine_beta,71424
2025-10-22T21:05:00Z,maria.gomez,sess_4d5e6f,model_promptengine_beta,70132
2025-10-22T21:10:00Z,user_003,sess_xyz789,model_promptengine_beta,74059
2025-10-22T21:10:00Z,cyberwolf42,sess_7g8h9i,model_promptengine_beta,70003
2025-10-22T21:15:00Z,user_004,sess_ghj321,model_promptengine_beta,70531
2025-10-22T21:15:00Z,elena.vault,sess_0j1k2l,model_promptengine_beta,72778
2025-10-22T21:20:00Z,user_005,sess_lmn654,model_promptengine_beta,72374
2025-10-22T21:20:00Z,hexhunter,sess_3m4n5o,model_promptengine_beta,70741
2025-10-22T21:25:00Z,kevin.choi,sess_b2c3d4,model_promptengine_beta,70340
2025-10-22T21:30:00Z,alina.k,sess_e5f6g7,model_promptengine_beta,70706
2025-10-22T21:35:00Z,brandon.ng,sess_h8i9j0,model_promptengine_beta,72359
2025-10-22T21:40:00Z,zoe.miller,sess_k1l2m3,model_promptengine_beta,70638
2025-10-22T21:45:00Z,liam.diaz,sess_n4o5p6,model_promptengine_beta,74860
2025-10-22T21:50:00Z,sasha.ren,sess_q7r8s9,model_promptengine_beta,74143
2025-10-22T21:55:00Z,omar.khan,sess_t0u1v2,model_promptengine_beta,72510
2025-10-22T22:00:00Z,ivy.chen,sess_w3x4y5,model_promptengine_beta,73088
2025-10-22T22:05:00Z,daniel.ross,sess_z6a7b8,model_promptengine_beta,73857
2025-10-22T22:10:00Z,megan.lee,sess_c9d0e1,model_promptengine_beta,71623
2025-10-22T22:15:00Z,tyler.james,sess_f2g3h4,model_promptengine_beta,71985
2025-10-22T22:20:00Z,anika.singh,sess_i5j6k7,model_promptengine_beta,71906
2025-10-22T22:25:00Z,leo.martin,sess_l8m9n0,model_promptengine_beta,72385
2025-10-22T22:30:00Z,grace.huang,sess_o1p2q3,model_promptengine_beta,74511
2025-10-22T22:35:00Z,aaron.cho,sess_r4s5t6,model_promptengine_beta,70167
2025-10-22T22:40:00Z,emily.nguyen,sess_u7v8w9,model_promptengine_beta,74083
2025-10-22T22:45:00Z,ryan.kim,sess_x0y1z2,model_promptengine_beta,71069
2025-10-22T22:50:00Z,nina.patel,sess_a3b4c5,model_promptengine_beta,70459
2025-10-22T22:55:00Z,ethan.wood,sess_d6e7f8,model_promptengine_beta,74820
2025-10-22T23:00:00Z,sofia.ali,sess_g9h0i1,model_promptengine_beta,71540
2025-10-22T23:05:00Z,logan.bell,sess_j2k3l4,model_promptengine_beta,73057
2025-10-22T23:10:00Z,jtran,sess_j2k3l4,model_promptengine_beta,73798
2025-10-22T23:15:00Z,maria.gomez,sess_m5n6o7,model_promptengine_beta,72133
2025-10-22T23:20:00Z,cyberwolf42,sess_p8q9r0,model_promptengine_beta,70507
2025-10-22T23:25:00Z,elena.vault,sess_s1t2u3,model_promptengine_beta,70560
2025-10-22T23:30:00Z,hexhunter,sess_v4w5x6,model_promptengine_beta,70118
2025-10-22T23:35:00Z,kevin.choi,sess_y7z8a9,model_promptengine_beta,72352
2025-10-22T23:40:00Z,alina.k,sess_b2c3d4,model_promptengine_beta,71089
2025-10-22T23:45:00Z,brandon.ng,sess_e5f6g7,model_promptengine_beta,70962
2025-10-22T23:50:00Z,zoe.miller,sess_h8i9j0,model_promptengine_beta,71586
2025-10-22T23:55:00Z,liam.diaz,sess_k1l2m3,model_promptengine_beta,71964
2025-10-23T00:00:00Z,sasha.ren,sess_n4o5p6,model_promptengine_beta,71477
2025-10-23T00:05:00Z,omar.khan,sess_q7r8s9,model_promptengine_beta,72636
2025-10-23T00:10:00Z,ivy.chen,sess_t0u1v2,model_promptengine_beta,72236
2025-10-23T00:15:00Z,daniel.ross,sess_w3x4y5,model_promptengine_beta,74578
2025-10-23T00:20:00Z,megan.lee,sess_z6a7b8,model_promptengine_beta,74945
2025-10-23T00:25:00Z,tyler.james,sess_c9d0e1,model_promptengine_beta,70729
2025-10-23T00:30:00Z,anika.singh,sess_f2g3h4,model_promptengine_beta,73363
2025-10-23T00:35:00Z,leo.martin,sess_i5j6k7,model_promptengine_beta,74900
2025-10-23T00:40:00Z,grace.huang,sess_l8m9n0,model_promptengine_beta,71596
2025-10-23T00:45:00Z,aaron.cho,sess_o1p2q3,model_promptengine_beta,73254
2025-10-23T00:50:00Z,emily.nguyen,sess_r4s5t6,model_promptengine_beta,73099
2025-10-23T00:55:00Z,ryan.kim,sess_u7v8w9,model_promptengine_beta,74074
2025-10-23T01:00:00Z,nina.patel,sess_x0y1z2,model_promptengine_beta,71035
2025-10-23T01:05:00Z,ethan.wood,sess_a3b4c5,model_promptengine_beta,72390
2025-10-23T01:10:00Z,sofia.ali,sess_d6e7f8,model_promptengine_beta,74620
2025-10-23T01:15:00Z,logan.bell,sess_g9h0i1,model_promptengine_beta,72924
2025-10-23T01:20:00Z,jtran,sess_j2k3l4,model_promptengine_beta,73886
2025-10-23T01:25:00Z,maria.gomez,sess_m5n6o7,model_promptengine_beta,71114
2025-10-23T01:30:00Z,cyberwolf42,sess_p8q9r0,model_promptengine_beta,72380
2025-10-23T01:35:00Z,elena.vault,sess_s1t2u3,model_promptengine_beta,74591
2025-10-23T01:40:00Z,hexhunter,sess_v4w5x6,model_promptengine_beta,71158
2025-10-23T01:45:00Z,kevin.choi,sess_y7z8a9,model_promptengine_beta,70516
2025-10-23T01:50:00Z,alina.k,sess_b2c3d4,model_promptengine_beta,71645
2025-10-23T01:55:00Z,brandon.ng,sess_e5f6g7,model_promptengine_beta,73519
2025-10-23T02:00:00Z,zoe.miller,sess_h8i9j0,model_promptengine_beta,73053
2025-10-23T02:05:00Z,liam.diaz,sess_k1l2m3,model_promptengine_beta,70767
2025-10-23T02:10:00Z,sasha.ren,sess_n4o5p6,model_promptengine_beta,72474
2025-10-23T02:15:00Z,omar.khan,sess_q7r8s9,model_promptengine_beta,70878
2025-10-23T02:20:00Z,ivy.chen,sess_t0u1v2,model_promptengine_beta,71812
2025-10-23T02:25:00Z,daniel.ross,sess_w3x4y5,model_promptengine_beta,73668
2025-10-23T02:30:00Z,megan.lee,sess_z6a7b8,model_promptengine_beta,71806
2025-10-23T02:35:00Z,tyler.james,sess_c9d0e1,model_promptengine_beta,73659
2025-10-23T02:40:00Z,anika.singh,sess_f2g3h4,model_promptengine_beta,73939
2025-10-23T02:45:00Z,leo.martin,sess_i5j6k7,model_promptengine_beta,72329
2025-10-23T02:50:00Z,grace.huang,sess_l8m9n0,model_promptengine_beta,70064
2025-10-23T02:55:00Z,aaron.cho,sess_o1p2q3,model_promptengine_beta,73129
2025-10-23T03:00:00Z,emily.nguyen,sess_r4s5t6,model_promptengine_beta,73614
2025-10-23T03:05:00Z,ryan.kim,sess_u7v8w9,model_promptengine_beta,73696
2025-10-23T03:10:00Z,nina.patel,sess_x0y1z2,model_promptengine_beta,72640
2025-10-23T03:15:00Z,ethan.wood,sess_a3b4c5,model_promptengine_beta,70324
2025-10-23T03:20:00Z,sofia.ali,sess_d6e7f8,model_promptengine_beta,74408
2025-10-23T03:25:00Z,logan.bell,sess_g9h0i1,model_promptengine_beta,73179
2025-10-23T03:30:00Z,jtran,sess_j2k3l4,model_promptengine_beta,70300
2025-10-23T03:35:00Z,maria.gomez,sess_m5n6o7,model_promptengine_beta,70273
2025-10-23T03:40:00Z,cyberwolf42,sess_p8q9r0,model_promptengine_beta,73930
2025-10-23T03:45:00Z,elena.vault,sess_s1t2u3,model_promptengine_beta,73827
2025-10-23T03:50:00Z,hexhunter,sess_v4w5x6,model_promptengine_beta,74656
2025-10-23T03:55:00Z,kevin.choi,sess_y7z8a9,model_promptengine_beta,74743
2025-10-23T04:00:00Z,alina.k,sess_b2c3d4,model_promptengine_beta,74545
2025-10-23T04:05:00Z,brandon.ng,sess_e5f6g7,model_promptengine_beta,74238
2025-10-23T04:10:00Z,zoe.miller,sess_h8i9j0,model_promptengine_beta,72628
2025-10-23T04:15:00Z,liam.diaz,sess_k1l2m3,model_promptengine_beta,70740
2025-10-23T04:20:00Z,sasha.ren,sess_n4o5p6,model_promptengine_beta,70067
2025-10-23T04:25:00Z,omar.khan,sess_q7r8s9,model_promptengine_beta,71821
2025-10-23T04:30:00Z,ivy.chen,sess_t0u1v2,model_promptengine_beta,72899
2025-10-23T04:35:00Z,daniel.ross,sess_w3x4y5,model_promptengine_beta,71590
2025-10-23T04:40:00Z,megan.lee,sess_z6a7b8,model_promptengine_beta,72174
2025-10-23T04:45:00Z,tyler.james,sess_c9d0e1,model_promptengine_beta,72172
2025-10-23T04:50:00Z,anika.singh,sess_f2g3h4,model_promptengine_beta,74758
2025-10-23T04:55:00Z,leo.martin,sess_i5j6k7,model_promptengine_beta,70435
2025-10-23T05:00:00Z,grace.huang,sess_l8m9n0,model_promptengine_beta,73364
2025-10-23T05:05:00Z,aaron.cho,sess_o1p2q3,model_promptengine_beta,74675
2025-10-23T05:10:00Z,emily.nguyen,sess_r4s5t6,model_promptengine_beta,71679
2025-10-23T05:15:00Z,ryan.kim,sess_u7v8w9,model_promptengine_beta,71591
2025-10-23T05:20:00Z,nina.patel,sess_x0y1z2,model_promptengine_beta,74018
2025-10-23T05:20:00Z,tycho.v,sess_aa1bb2,model_promptengine_beta,73862
2025-10-23T05:25:00Z,camila.ortiz,sess_cc3dd4,model_promptengine_beta,72035
2025-10-23T05:30:00Z,devon.cho,sess_ee5ff6,model_promptengine_beta,73161
2025-10-23T05:35:00Z,elena.vault,sess_gg7hh8,model_promptengine_beta,71805
2025-10-23T05:40:00Z,hexhunter,sess_ii9jj0,model_promptengine_beta,70350
2025-10-23T05:45:00Z,kevin.choi,sess_kk1ll2,model_promptengine_beta,74281
2025-10-23T05:50:00Z,alina.k,sess_mm3nn4,model_promptengine_beta,73001
2025-10-23T05:55:00Z,brandon.ng,sess_oo5pp6,model_promptengine_beta,73667
2025-10-23T06:00:00Z,zoe.miller,sess_qq7rr8,model_promptengine_beta,70732
2025-10-23T06:05:00Z,liam.diaz,sess_ss9tt0,model_promptengine_beta,70777
2025-10-23T06:10:00Z,sasha.ren,sess_uu1vv2,model_promptengine_beta,74518
2025-10-23T06:15:00Z,omar.khan,sess_ww3xx4,model_promptengine_beta,71019
2025-10-23T06:20:00Z,ivy.chen,sess_yy5zz6,model_promptengine_beta,74306
2025-10-23T06:25:00Z,daniel.ross,sess_zz7aa8,model_promptengine_beta,71482
2025-10-23T06:30:00Z,megan.lee,sess_bb9cc0,model_promptengine_beta,73339
2025-10-23T06:35:00Z,tyler.james,sess_dd1ee2,model_promptengine_beta,73807
2025-10-23T06:40:00Z,anika.singh,sess_ff3gg4,model_promptengine_beta,71946
2025-10-23T06:45:00Z,leo.martin,sess_hh5ii6,model_promptengine_beta,73772
2025-10-23T06:50:00Z,grace.huang,sess_jj7kk8,model_promptengine_beta,74529
2025-10-23T06:55:00Z,aaron.cho,sess_ll9mm0,model_promptengine_beta,73337
2025-10-22T21:00:00Z,user_001,sess_abc123,model_qtzalcoatl,69481
2025-10-22T21:00:00Z,jtran,sess_1a2b3c,model_qtzalcoatl,74485
2025-10-22T21:05:00Z,user_002,sess_def456,model_qtzalcoatl,65619
2025-10-22T21:05:00Z,maria.gomez,sess_4d5e6f,model_qtzalcoatl,64927
2025-10-22T21:10:00Z,user_003,sess_xyz789,model_qtzalcoatl,73426
2025-10-22T21:10:00Z,cyberwolf42,sess_7g8h9i,model_qtzalcoatl,74836
2025-10-22T21:15:00Z,user_004,sess_ghj321,model_qtzalcoatl,74900
2025-10-22T21:15:00Z,elena.vault,sess_0j1k2l,model_qtzalcoatl,65637
2025-10-22T21:20:00Z,user_005,sess_lmn654,model_qtzalcoatl,76269
2025-10-22T21:20:00Z,hexhunter,sess_3m4n5o,model_qtzalcoatl,76137
2025-10-22T21:25:00Z,kevin.choi,sess_b2c3d4,model_qtzalcoatl,62156
2025-10-22T21:30:00Z,alina.k,sess_e5f6g7,model_qtzalcoatl,68557
2025-10-22T21:35:00Z,brandon.ng,sess_h8i9j0,model_qtzalcoatl,67668
2025-10-22T21:40:00Z,zoe.miller,sess_k1l2m3,model_qtzalcoatl,73955
2025-10-22T21:45:00Z,liam.diaz,sess_n4o5p6,model_qtzalcoatl,72034
2025-10-22T21:50:00Z,sasha.ren,sess_q7r8s9,model_qtzalcoatl,63953
2025-10-22T21:55:00Z,omar.khan,sess_t0u1v2,model_qtzalcoatl,76662
2025-10-22T22:00:00Z,ivy.chen,sess_w3x4y5,model_qtzalcoatl,71080
2025-10-22T22:05:00Z,daniel.ross,sess_z6a7b8,model_qtzalcoatl,68905
2025-10-22T22:10:00Z,megan.lee,sess_c9d0e1,model_qtzalcoatl,64899
2025-10-22T22:15:00Z,tyler.james,sess_f2g3h4,model_qtzalcoatl,62946
2025-10-22T22:20:00Z,anika.singh,sess_i5j6k7,model_qtzalcoatl,62525
2025-10-22T22:25:00Z,leo.martin,sess_l8m9n0,model_qtzalcoatl,75929
2025-10-22T22:30:00Z,grace.huang,sess_o1p2q3,model_qtzalcoatl,72267
2025-10-22T22:35:00Z,aaron.cho,sess_r4s5t6,model_qtzalcoatl,63809
2025-10-22T22:40:00Z,emily.nguyen,sess_u7v8w9,model_qtzalcoatl,65808
2025-10-22T22:45:00Z,ryan.kim,sess_x0y1z2,model_qtzalcoatl,77681
2025-10-22T22:50:00Z,nina.patel,sess_a3b4c5,model_qtzalcoatl,67544
2025-10-22T22:55:00Z,ethan.wood,sess_d6e7f8,model_qtzalcoatl,64152
2025-10-22T23:00:00Z,sofia.ali,sess_g9h0i1,model_qtzalcoatl,71530
2025-10-22T23:05:00Z,logan.bell,sess_j2k3l4,model_qtzalcoatl,68681
2025-10-22T23:10:00Z,jtran,sess_j2k3l4,model_qtzalcoatl,73011
2025-10-22T23:15:00Z,maria.gomez,sess_m5n6o7,model_qtzalcoatl,63327
2025-10-22T23:20:00Z,cyberwolf42,sess_p8q9r0,model_qtzalcoatl,68449
2025-10-22T23:25:00Z,elena.vault,sess_s1t2u3,model_qtzalcoatl,69408
2025-10-22T23:30:00Z,hexhunter,sess_v4w5x6,model_qtzalcoatl,62333
2025-10-22T23:35:00Z,kevin.choi,sess_y7z8a9,model_qtzalcoatl,66022
2025-10-22T23:40:00Z,alina.k,sess_b2c3d4,model_qtzalcoatl,76483
2025-10-22T23:45:00Z,brandon.ng,sess_e5f6g7,model_qtzalcoatl,74103
2025-10-22T23:50:00Z,zoe.miller,sess_h8i9j0,model_qtzalcoatl,69477
2025-10-22T23:55:00Z,liam.diaz,sess_k1l2m3,model_qtzalcoatl,75636
2025-10-23T00:00:00Z,sasha.ren,sess_n4o5p6,model_qtzalcoatl,70693
2025-10-23T00:05:00Z,omar.khan,sess_q7r8s9,model_qtzalcoatl,74300
2025-10-23T00:10:00Z,ivy.chen,sess_t0u1v2,model_qtzalcoatl,64524
2025-10-23T00:15:00Z,daniel.ross,sess_w3x4y5,model_qtzalcoatl,70672
2025-10-23T00:20:00Z,megan.lee,sess_z6a7b8,model_qtzalcoatl,75005
2025-10-23T00:25:00Z,tyler.james,sess_c9d0e1,model_qtzalcoatl,70695
2025-10-23T00:30:00Z,anika.singh,sess_f2g3h4,model_qtzalcoatl,72167
2025-10-23T00:35:00Z,leo.martin,sess_i5j6k7,model_qtzalcoatl,70358
2025-10-23T00:40:00Z,grace.huang,sess_l8m9n0,model_qtzalcoatl,78695
2025-10-23T00:45:00Z,aaron.cho,sess_o1p2q3,model_qtzalcoatl,69384
2025-10-23T00:50:00Z,emily.nguyen,sess_r4s5t6,model_qtzalcoatl,71342
2025-10-23T00:55:00Z,ryan.kim,sess_u7v8w9,model_qtzalcoatl,63788
2025-10-23T01:00:00Z,nina.patel,sess_x0y1z2,model_qtzalcoatl,71869
2025-10-23T01:05:00Z,ethan.wood,sess_a3b4c5,model_qtzalcoatl,73937
2025-10-23T01:10:00Z,sofia.ali,sess_d6e7f8,model_qtzalcoatl,67604
2025-10-23T01:15:00Z,logan.bell,sess_g9h0i1,model_qtzalcoatl,62964
2025-10-23T01:20:00Z,jtran,sess_j2k3l4,model_qtzalcoatl,68696
2025-10-23T01:25:00Z,maria.gomez,sess_m5n6o7,model_qtzalcoatl,73841
2025-10-23T01:30:00Z,cyberwolf42,sess_p8q9r0,model_qtzalcoatl,77314
2025-10-23T01:35:00Z,elena.vault,sess_s1t2u3,model_qtzalcoatl,74336
2025-10-23T01:40:00Z,hexhunter,sess_v4w5x6,model_qtzalcoatl,70681
2025-10-23T01:45:00Z,kevin.choi,sess_y7z8a9,model_qtzalcoatl,74344
2025-10-23T01:50:00Z,alina.k,sess_b2c3d4,model_qtzalcoatl,78499
2025-10-23T01:55:00Z,brandon.ng,sess_e5f6g7,model_qtzalcoatl,77875
2025-10-23T02:00:00Z,zoe.miller,sess_h8i9j0,model_qtzalcoatl,76087
2025-10-23T02:05:00Z,liam.diaz,sess_k1l2m3,model_qtzalcoatl,66421
2025-10-23T02:10:00Z,sasha.ren,sess_n4o5p6,model_qtzalcoatl,66490
2025-10-23T02:15:00Z,omar.khan,sess_q7r8s9,model_qtzalcoatl,70269
2025-10-23T02:20:00Z,ivy.chen,sess_t0u1v2,model_qtzalcoatl,70582
2025-10-23T02:25:00Z,daniel.ross,sess_w3x4y5,model_qtzalcoatl,78279
2025-10-23T02:30:00Z,megan.lee,sess_z6a7b8,model_qtzalcoatl,67790
2025-10-23T02:35:00Z,tyler.james,sess_c9d0e1,model_qtzalcoatl,62024
2025-10-23T02:40:00Z,anika.singh,sess_f2g3h4,model_qtzalcoatl,76352
2025-10-23T02:45:00Z,leo.martin,sess_i5j6k7,model_qtzalcoatl,77771
2025-10-23T02:50:00Z,grace.huang,sess_l8m9n0,model_qtzalcoatl,71425
2025-10-23T02:55:00Z,aaron.cho,sess_o1p2q3,model_qtzalcoatl,62851
2025-10-23T03:00:00Z,emily.nguyen,sess_r4s5t6,model_qtzalcoatl,71567
2025-10-23T03:05:00Z,ryan.kim,sess_u7v8w9,model_qtzalcoatl,68546
2025-10-23T03:10:00Z,nina.patel,sess_x0y1z2,model_qtzalcoatl,77542
2025-10-23T03:15:00Z,ethan.wood,sess_a3b4c5,model_qtzalcoatl,77963
2025-10-23T03:20:00Z,sofia.ali,sess_d6e7f8,model_qtzalcoatl,75824
2025-10-23T03:25:00Z,logan.bell,sess_g9h0i1,model_qtzalcoatl,75609
2025-10-23T03:30:00Z,jtran,sess_j2k3l4,model_qtzalcoatl,73334
2025-10-23T03:35:00Z,maria.gomez,sess_m5n6o7,model_qtzalcoatl,71090
2025-10-23T03:40:00Z,cyberwolf42,sess_p8q9r0,model_qtzalcoatl,73995
2025-10-23T03:45:00Z,elena.vault,sess_s1t2u3,model_qtzalcoatl,74419
2025-10-23T03:50:00Z,hexhunter,sess_v4w5x6,model_qtzalcoatl,75978
2025-10-23T03:55:00Z,kevin.choi,sess_y7z8a9,model_qtzalcoatl,69077
2025-10-23T04:00:00Z,alina.k,sess_b2c3d4,model_qtzalcoatl,69505
2025-10-23T04:05:00Z,brandon.ng,sess_e5f6g7,model_qtzalcoatl,74407
2025-10-23T04:10:00Z,zoe.miller,sess_h8i9j0,model_qtzalcoatl,72313
2025-10-23T04:15:00Z,liam.diaz,sess_k1l2m3,model_qtzalcoatl,73623
2025-10-23T04:20:00Z,sasha.ren,sess_n4o5p6,model_qtzalcoatl,66304
2025-10-23T04:25:00Z,omar.khan,sess_q7r8s9,model_qtzalcoatl,65183
2025-10-23T04:30:00Z,ivy.chen,sess_t0u1v2,model_qtzalcoatl,62056
2025-10-23T04:35:00Z,daniel.ross,sess_w3x4y5,model_qtzalcoatl,72759
2025-10-23T04:40:00Z,megan.lee,sess_z6a7b8,model_qtzalcoatl,75823
2025-10-23T04:45:00Z,tyler.james,sess_c9d0e1,model_qtzalcoatl,77538
2025-10-23T04:50:00Z,anika.singh,sess_f2g3h4,model_qtzalcoatl,77909
2025-10-23T04:55:00Z,leo.martin,sess_i5j6k7,model_qtzalcoatl,75677
2025-10-23T05:00:00Z,grace.huang,sess_l8m9n0,model_qtzalcoatl,64115
2025-10-23T05:05:00Z,aaron.cho,sess_o1p2q3,model_qtzalcoatl,71746
2025-10-23T05:10:00Z,emily.nguyen,sess_r4s5t6,model_qtzalcoatl,73967
2025-10-23T05:15:00Z,ryan.kim,sess_u7v8w9,model_qtzalcoatl,71389
2025-10-23T05:20:00Z,nina.patel,sess_x0y1z2,model_qtzalcoatl,76979
2025-10-23T05:20:00Z,tycho.v,sess_aa1bb2,model_qtzalcoatl,64245
2025-10-23T05:25:00Z,camila.ortiz,sess_cc3dd4,model_qtzalcoatl,66083
2025-10-23T05:30:00Z,devon.cho,sess_ee5ff6,model_qtzalcoatl,74515
2025-10-23T05:35:00Z,elena.vault,sess_gg7hh8,model_qtzalcoatl,62728
2025-10-23T05:40:00Z,hexhunter,sess_ii9jj0,model_qtzalcoatl,71360
2025-10-23T05:45:00Z,kevin.choi,sess_kk1ll2,model_qtzalcoatl,75584
2025-10-23T05:50:00Z,alina.k,sess_mm3nn4,model_qtzalcoatl,67786
2025-10-23T05:55:00Z,brandon.ng,sess_oo5pp6,model_qtzalcoatl,71675
2025-10-23T06:00:00Z,zoe.miller,sess_qq7rr8,model_qtzalcoatl,62643
2025-10-23T06:05:00Z,liam.diaz,sess_ss9tt0,model_qtzalcoatl,73666
2025-10-23T06:10:00Z,sasha.ren,sess_uu1vv2,model_qtzalcoatl,74829
2025-10-23T06:15:00Z,omar.khan,sess_ww3xx4,model_qtzalcoatl,74282
2025-10-23T06:20:00Z,ivy.chen,sess_yy5zz6,model_qtzalcoatl,72273
2025-10-23T06:25:00Z,daniel.ross,sess_zz7aa8,model_qtzalcoatl,73749
2025-10-23T06:30:00Z,megan.lee,sess_bb9cc0,model_qtzalcoatl,72810
2025-10-23T06:35:00Z,tyler.james,sess_dd1ee2,model_qtzalcoatl,70002
2025-10-23T06:40:00Z,anika.singh,sess_ff3gg4,model_qtzalcoatl,75012
2025-10-23T06:45:00Z,leo.martin,sess_hh5ii6,model_qtzalcoatl,65428
2025-10-23T06:50:00Z,grace.huang,sess_jj7kk8,model_qtzalcoatl,63401
2025-10-23T06:55:00Z,aaron.cho,sess_ll9mm0,model_qtzalcoatl,76770
2025-10-22T21:00:00Z,user_001,sess_abc123,model_querybuilder_lite,63149
2025-10-22T21:00:00Z,jtran,sess_1a2b3c,model_querybuilder_lite,64517
2025-10-22T21:05:00Z,user_002,sess_def456,model_querybuilder_lite,63792
2025-10-22T21:05:00Z,maria.gomez,sess_4d5e6f,model_querybuilder_lite,66157
2025-10-22T21:10:00Z,user_003,sess_xyz789,model_querybuilder_lite,62878
2025-10-22T21:10:00Z,cyberwolf42,sess_7g8h9i,model_querybuilder_lite,63668
2025-10-22T21:15:00Z,user_004,sess_ghj321,model_querybuilder_lite,63024
2025-10-22T21:15:00Z,elena.vault,sess_0j1k2l,model_querybuilder_lite,66827
2025-10-22T21:20:00Z,user_005,sess_lmn654,model_querybuilder_lite,63432
2025-10-22T21:20:00Z,hexhunter,sess_3m4n5o,model_querybuilder_lite,63070
2025-10-22T21:25:00Z,kevin.choi,sess_b2c3d4,model_querybuilder_lite,65614
2025-10-22T21:30:00Z,alina.k,sess_e5f6g7,model_querybuilder_lite,65501
2025-10-22T21:35:00Z,brandon.ng,sess_h8i9j0,model_querybuilder_lite,65776
2025-10-22T21:40:00Z,zoe.miller,sess_k1l2m3,model_querybuilder_lite,65703
2025-10-22T21:45:00Z,liam.diaz,sess_n4o5p6,model_querybuilder_lite,65132
2025-10-22T21:50:00Z,sasha.ren,sess_q7r8s9,model_querybuilder_lite,66106
2025-10-22T21:55:00Z,omar.khan,sess_t0u1v2,model_querybuilder_lite,62199
2025-10-22T22:00:00Z,ivy.chen,sess_w3x4y5,model_querybuilder_lite,64409
2025-10-22T22:05:00Z,daniel.ross,sess_z6a7b8,model_querybuilder_lite,64071
2025-10-22T22:10:00Z,megan.lee,sess_c9d0e1,model_querybuilder_lite,65469
2025-10-22T22:15:00Z,tyler.james,sess_f2g3h4,model_querybuilder_lite,63105
2025-10-22T22:20:00Z,anika.singh,sess_i5j6k7,model_querybuilder_lite,62743
2025-10-22T22:25:00Z,leo.martin,sess_l8m9n0,model_querybuilder_lite,63790
2025-10-22T22:30:00Z,grace.huang,sess_o1p2q3,model_querybuilder_lite,64428
2025-10-22T22:35:00Z,aaron.cho,sess_r4s5t6,model_querybuilder_lite,62252
2025-10-22T22:40:00Z,emily.nguyen,sess_u7v8w9,model_querybuilder_lite,63022
2025-10-22T22:45:00Z,ryan.kim,sess_x0y1z2,model_querybuilder_lite,65338
2025-10-22T22:50:00Z,nina.patel,sess_a3b4c5,model_querybuilder_lite,64058
2025-10-22T22:55:00Z,ethan.wood,sess_d6e7f8,model_querybuilder_lite,63780
2025-10-22T23:00:00Z,sofia.ali,sess_g9h0i1,model_querybuilder_lite,66151
2025-10-22T23:05:00Z,logan.bell,sess_j2k3l4,model_querybuilder_lite,62273
2025-10-22T23:10:00Z,jtran,sess_j2k3l4,model_querybuilder_lite,64038
2025-10-22T23:15:00Z,maria.gomez,sess_m5n6o7,model_querybuilder_lite,63862
2025-10-22T23:20:00Z,cyberwolf42,sess_p8q9r0,model_querybuilder_lite,63751
2025-10-22T23:25:00Z,elena.vault,sess_s1t2u3,model_querybuilder_lite,63427
2025-10-22T23:30:00Z,hexhunter,sess_v4w5x6,model_querybuilder_lite,64049
2025-10-22T23:35:00Z,kevin.choi,sess_y7z8a9,model_querybuilder_lite,64018
2025-10-22T23:40:00Z,alina.k,sess_b2c3d4,model_querybuilder_lite,66956
2025-10-22T23:45:00Z,brandon.ng,sess_e5f6g7,model_querybuilder_lite,62439
2025-10-22T23:50:00Z,zoe.miller,sess_h8i9j0,model_querybuilder_lite,66516
2025-10-22T23:55:00Z,liam.diaz,sess_k1l2m3,model_querybuilder_lite,65146
2025-10-23T00:00:00Z,sasha.ren,sess_n4o5p6,model_querybuilder_lite,62725
2025-10-23T00:05:00Z,omar.khan,sess_q7r8s9,model_querybuilder_lite,63472
2025-10-23T00:10:00Z,ivy.chen,sess_t0u1v2,model_querybuilder_lite,63916
2025-10-23T00:15:00Z,daniel.ross,sess_w3x4y5,model_querybuilder_lite,63561
2025-10-23T00:20:00Z,megan.lee,sess_z6a7b8,model_querybuilder_lite,62029
2025-10-23T00:25:00Z,tyler.james,sess_c9d0e1,model_querybuilder_lite,66698
2025-10-23T00:30:00Z,anika.singh,sess_f2g3h4,model_querybuilder_lite,65077
2025-10-23T00:35:00Z,leo.martin,sess_i5j6k7,model_querybuilder_lite,65541
2025-10-23T00:40:00Z,grace.huang,sess_l8m9n0,model_querybuilder_lite,62786
2025-10-23T00:45:00Z,aaron.cho,sess_o1p2q3,model_querybuilder_lite,65701
2025-10-23T00:50:00Z,emily.nguyen,sess_r4s5t6,model_querybuilder_lite,63069
2025-10-23T00:55:00Z,ryan.kim,sess_u7v8w9,model_querybuilder_lite,62759
2025-10-23T01:00:00Z,nina.patel,sess_x0y1z2,model_querybuilder_lite,64607
2025-10-23T01:05:00Z,ethan.wood,sess_a3b4c5,model_querybuilder_lite,63500
2025-10-23T01:10:00Z,sofia.ali,sess_d6e7f8,model_querybuilder_lite,66801
2025-10-23T01:15:00Z,logan.bell,sess_g9h0i1,model_querybuilder_lite,62287
2025-10-23T01:20:00Z,jtran,sess_j2k3l4,model_querybuilder_lite,64314
2025-10-23T01:25:00Z,maria.gomez,sess_m5n6o7,model_querybuilder_lite,63359
2025-10-23T01:30:00Z,cyberwolf42,sess_p8q9r0,model_querybuilder_lite,62071
2025-10-23T01:35:00Z,elena.vault,sess_s1t2u3,model_querybuilder_lite,62413
2025-10-23T01:40:00Z,hexhunter,sess_v4w5x6,model_querybuilder_lite,64114
2025-10-23T01:45:00Z,kevin.choi,sess_y7z8a9,model_querybuilder_lite,63106
2025-10-23T01:50:00Z,alina.k,sess_b2c3d4,model_querybuilder_lite,66817
2025-10-23T01:55:00Z,brandon.ng,sess_e5f6g7,model_querybuilder_lite,64017
2025-10-23T02:00:00Z,zoe.miller,sess_h8i9j0,model_querybuilder_lite,65945
2025-10-23T02:05:00Z,liam.diaz,sess_k1l2m3,model_querybuilder_lite,66964
2025-10-23T02:10:00Z,sasha.ren,sess_n4o5p6,model_querybuilder_lite,65268
2025-10-23T02:15:00Z,omar.khan,sess_q7r8s9,model_querybuilder_lite,65179
2025-10-23T02:20:00Z,ivy.chen,sess_t0u1v2,model_querybuilder_lite,63307
2025-10-23T02:25:00Z,daniel.ross,sess_w3x4y5,model_querybuilder_lite,63241
2025-10-23T02:30:00Z,megan.lee,sess_z6a7b8,model_querybuilder_lite,65148
2025-10-23T02:35:00Z,tyler.james,sess_c9d0e1,model_querybuilder_lite,64275
2025-10-23T02:40:00Z,anika.singh,sess_f2g3h4,model_querybuilder_lite,62009
2025-10-23T02:45:00Z,leo.martin,sess_i5j6k7,model_querybuilder_lite,64271
2025-10-23T02:50:00Z,grace.huang,sess_l8m9n0,model_querybuilder_lite,66137
2025-10-23T02:55:00Z,aaron.cho,sess_o1p2q3,model_querybuilder_lite,64507
2025-10-23T03:00:00Z,emily.nguyen,sess_r4s5t6,model_querybuilder_lite,66787
2025-10-23T03:05:00Z,ryan.kim,sess_u7v8w9,model_querybuilder_lite,63605
2025-10-23T03:10:00Z,nina.patel,sess_x0y1z2,model_querybuilder_lite,66830
2025-10-23T03:15:00Z,ethan.wood,sess_a3b4c5,model_querybuilder_lite,65944
2025-10-23T03:20:00Z,sofia.ali,sess_d6e7f8,model_querybuilder_lite,64074
2025-10-23T03:25:00Z,logan.bell,sess_g9h0i1,model_querybuilder_lite,66004
2025-10-23T03:30:00Z,jtran,sess_j2k3l4,model_querybuilder_lite,62968
2025-10-23T03:35:00Z,maria.gomez,sess_m5n6o7,model_querybuilder_lite,65242
2025-10-23T03:40:00Z,cyberwolf42,sess_p8q9r0,model_querybuilder_lite,66390
2025-10-23T03:45:00Z,elena.vault,sess_s1t2u3,model_querybuilder_lite,66858
2025-10-23T03:50:00Z,hexhunter,sess_v4w5x6,model_querybuilder_lite,62211
2025-10-23T03:55:00Z,kevin.choi,sess_y7z8a9,model_querybuilder_lite,64560
2025-10-23T04:00:00Z,alina.k,sess_b2c3d4,model_querybuilder_lite,62812
2025-10-23T04:05:00Z,brandon.ng,sess_e5f6g7,model_querybuilder_lite,63849
2025-10-23T04:10:00Z,zoe.miller,sess_h8i9j0,model_querybuilder_lite,63842
2025-10-23T04:15:00Z,liam.diaz,sess_k1l2m3,model_querybuilder_lite,62786
2025-10-23T04:20:00Z,sasha.ren,sess_n4o5p6,model_querybuilder_lite,63093
2025-10-23T04:25:00Z,omar.khan,sess_q7r8s9,model_querybuilder_lite,63674
2025-10-23T04:30:00Z,ivy.chen,sess_t0u1v2,model_querybuilder_lite,64200
2025-10-23T04:35:00Z,daniel.ross,sess_w3x4y5,model_querybuilder_lite,64840
2025-10-23T04:40:00Z,megan.lee,sess_z6a7b8,model_querybuilder_lite,65715
2025-10-23T04:45:00Z,tyler.james,sess_c9d0e1,model_querybuilder_lite,64504
2025-10-23T04:50:00Z,anika.singh,sess_f2g3h4,model_querybuilder_lite,64819
2025-10-23T04:55:00Z,leo.martin,sess_i5j6k7,model_querybuilder_lite,66780
2025-10-23T05:00:00Z,grace.huang,sess_l8m9n0,model_querybuilder_lite,66811
2025-10-23T05:05:00Z,aaron.cho,sess_o1p2q3,model_querybuilder_lite,63967
2025-10-23T05:10:00Z,emily.nguyen,sess_r4s5t6,model_querybuilder_lite,62474
2025-10-23T05:15:00Z,ryan.kim,sess_u7v8w9,model_querybuilder_lite,66318
2025-10-23T05:20:00Z,nina.patel,sess_x0y1z2,model_querybuilder_lite,65022
2025-10-23T05:20:00Z,tycho.v,sess_aa1bb2,model_querybuilder_lite,64750
2025-10-23T05:25:00Z,camila.ortiz,sess_cc3dd4,model_querybuilder_lite,63327
2025-10-23T05:30:00Z,devon.cho,sess_ee5ff6,model_querybuilder_lite,62709
2025-10-23T05:35:00Z,elena.vault,sess_gg7hh8,model_querybuilder_lite,65530
2025-10-23T05:40:00Z,hexhunter,sess_ii9jj0,model_querybuilder_lite,64985
2025-10-23T05:45:00Z,kevin.choi,sess_kk1ll2,model_querybuilder_lite,64396
2025-10-23T05:50:00Z,alina.k,sess_mm3nn4,model_querybuilder_lite,65787
2025-10-23T05:55:00Z,brandon.ng,sess_oo5pp6,model_querybuilder_lite,65539
2025-10-23T06:00:00Z,zoe.miller,sess_qq7rr8,model_querybuilder_lite,66713
2025-10-23T06:05:00Z,liam.diaz,sess_ss9tt0,model_querybuilder_lite,66558
2025-10-23T06:10:00Z,sasha.ren,sess_uu1vv2,model_querybuilder_lite,65991
2025-10-23T06:15:00Z,omar.khan,sess_ww3xx4,model_querybuilder_lite,62728
2025-10-23T06:20:00Z,ivy.chen,sess_yy5zz6,model_querybuilder_lite,63951
2025-10-23T06:25:00Z,daniel.ross,sess_zz7aa8,model_querybuilder_lite,62747
2025-10-23T06:30:00Z,megan.lee,sess_bb9cc0,model_querybuilder_lite,64509
2025-10-23T06:35:00Z,tyler.james,sess_dd1ee2,model_querybuilder_lite,62075
2025-10-23T06:40:00Z,anika.singh,sess_ff3gg4,model_querybuilder_lite,65256
2025-10-23T06:45:00Z,leo.martin,sess_hh5ii6,model_querybuilder_lite,65453
2025-10-23T06:50:00Z,grace.huang,sess_jj7kk8,model_querybuilder_lite,62047
2025-10-23T06:55:00Z,aaron.cho,sess_ll9mm0,model_querybuilder_lite,65631
2025-10-22T21:00:00Z,user_001,sess_abc123,model_reasonnet_1.3,74394
2025-10-22T21:00:00Z,jtran,sess_1a2b3c,model_reasonnet_1.3,72555
2025-10-22T21:05:00Z,user_002,sess_def456,model_reasonnet_1.3,73559
2025-10-22T21:05:00Z,maria.gomez,sess_4d5e6f,model_reasonnet_1.3,72431
2025-10-22T21:10:00Z,user_003,sess_xyz789,model_reasonnet_1.3,72724
2025-10-22T21:10:00Z,cyberwolf42,sess_7g8h9i,model_reasonnet_1.3,73017
2025-10-22T21:15:00Z,user_004,sess_ghj321,model_reasonnet_1.3,72196
2025-10-22T21:15:00Z,elena.vault,sess_0j1k2l,model_reasonnet_1.3,75576
2025-10-22T21:20:00Z,user_005,sess_lmn654,model_reasonnet_1.3,75916
2025-10-22T21:20:00Z,hexhunter,sess_3m4n5o,model_reasonnet_1.3,74581
2025-10-22T21:25:00Z,kevin.choi,sess_b2c3d4,model_reasonnet_1.3,73235
2025-10-22T21:30:00Z,alina.k,sess_e5f6g7,model_reasonnet_1.3,73625
2025-10-22T21:35:00Z,brandon.ng,sess_h8i9j0,model_reasonnet_1.3,75287
2025-10-22T21:40:00Z,zoe.miller,sess_k1l2m3,model_reasonnet_1.3,72996
2025-10-22T21:45:00Z,liam.diaz,sess_n4o5p6,model_reasonnet_1.3,74485
2025-10-22T21:50:00Z,sasha.ren,sess_q7r8s9,model_reasonnet_1.3,73712
2025-10-22T21:55:00Z,omar.khan,sess_t0u1v2,model_reasonnet_1.3,73980
2025-10-22T22:00:00Z,ivy.chen,sess_w3x4y5,model_reasonnet_1.3,74369
2025-10-22T22:05:00Z,daniel.ross,sess_z6a7b8,model_reasonnet_1.3,73996
2025-10-22T22:10:00Z,megan.lee,sess_c9d0e1,model_reasonnet_1.3,75957
2025-10-22T22:15:00Z,tyler.james,sess_f2g3h4,model_reasonnet_1.3,73563
2025-10-22T22:20:00Z,anika.singh,sess_i5j6k7,model_reasonnet_1.3,71414
2025-10-22T22:25:00Z,leo.martin,sess_l8m9n0,model_reasonnet_1.3,73372
2025-10-22T22:30:00Z,grace.huang,sess_o1p2q3,model_reasonnet_1.3,72555
2025-10-22T22:35:00Z,aaron.cho,sess_r4s5t6,model_reasonnet_1.3,72820
2025-10-22T22:40:00Z,emily.nguyen,sess_u7v8w9,model_reasonnet_1.3,71279
2025-10-22T22:45:00Z,ryan.kim,sess_x0y1z2,model_reasonnet_1.3,75920
2025-10-22T22:50:00Z,nina.patel,sess_a3b4c5,model_reasonnet_1.3,71096
2025-10-22T22:55:00Z,ethan.wood,sess_d6e7f8,model_reasonnet_1.3,72490
2025-10-22T23:00:00Z,sofia.ali,sess_g9h0i1,model_reasonnet_1.3,75489
2025-10-22T23:05:00Z,logan.bell,sess_j2k3l4,model_reasonnet_1.3,72824
2025-10-22T23:10:00Z,jtran,sess_j2k3l4,model_reasonnet_1.3,72899
2025-10-22T23:15:00Z,maria.gomez,sess_m5n6o7,model_reasonnet_1.3,73842
2025-10-22T23:20:00Z,cyberwolf42,sess_p8q9r0,model_reasonnet_1.3,72031
2025-10-22T23:25:00Z,elena.vault,sess_s1t2u3,model_reasonnet_1.3,75879
2025-10-22T23:30:00Z,hexhunter,sess_v4w5x6,model_reasonnet_1.3,71051
2025-10-22T23:35:00Z,kevin.choi,sess_y7z8a9,model_reasonnet_1.3,73369
2025-10-22T23:40:00Z,alina.k,sess_b2c3d4,model_reasonnet_1.3,71802
2025-10-22T23:45:00Z,brandon.ng,sess_e5f6g7,model_reasonnet_1.3,72919
2025-10-22T23:50:00Z,zoe.miller,sess_h8i9j0,model_reasonnet_1.3,75928
2025-10-22T23:55:00Z,liam.diaz,sess_k1l2m3,model_reasonnet_1.3,75043
2025-10-23T00:00:00Z,sasha.ren,sess_n4o5p6,model_reasonnet_1.3,74143
2025-10-23T00:05:00Z,omar.khan,sess_q7r8s9,model_reasonnet_1.3,74117
2025-10-23T00:10:00Z,ivy.chen,sess_t0u1v2,model_reasonnet_1.3,73676
2025-10-23T00:15:00Z,daniel.ross,sess_w3x4y5,model_reasonnet_1.3,73523
2025-10-23T00:20:00Z,megan.lee,sess_z6a7b8,model_reasonnet_1.3,73218
2025-10-23T00:25:00Z,tyler.james,sess_c9d0e1,model_reasonnet_1.3,71142
2025-10-23T00:30:00Z,anika.singh,sess_f2g3h4,model_reasonnet_1.3,75108
2025-10-23T00:35:00Z,leo.martin,sess_i5j6k7,model_reasonnet_1.3,73285
2025-10-23T00:40:00Z,grace.huang,sess_l8m9n0,model_reasonnet_1.3,71640
2025-10-23T00:45:00Z,aaron.cho,sess_o1p2q3,model_reasonnet_1.3,72249
2025-10-23T00:50:00Z,emily.nguyen,sess_r4s5t6,model_reasonnet_1.3,74466
2025-10-23T00:55:00Z,ryan.kim,sess_u7v8w9,model_reasonnet_1.3,72236
2025-10-23T01:00:00Z,nina.patel,sess_x0y1z2,model_reasonnet_1.3,75644
2025-10-23T01:05:00Z,ethan.wood,sess_a3b4c5,model_reasonnet_1.3,72300
2025-10-23T01:10:00Z,sofia.ali,sess_d6e7f8,model_reasonnet_1.3,74737
2025-10-23T01:15:00Z,logan.bell,sess_g9h0i1,model_reasonnet_1.3,73844
2025-10-23T01:20:00Z,jtran,sess_j2k3l4,model_reasonnet_1.3,75550
2025-10-23T01:25:00Z,maria.gomez,sess_m5n6o7,model_reasonnet_1.3,73688
2025-10-23T01:30:00Z,cyberwolf42,sess_p8q9r0,model_reasonnet_1.3,71521
2025-10-23T01:35:00Z,elena.vault,sess_s1t2u3,model_reasonnet_1.3,71952
2025-10-23T01:40:00Z,hexhunter,sess_v4w5x6,model_reasonnet_1.3,73760
2025-10-23T01:45:00Z,kevin.choi,sess_y7z8a9,model_reasonnet_1.3,73606
2025-10-23T01:50:00Z,alina.k,sess_b2c3d4,model_reasonnet_1.3,71695
2025-10-23T01:55:00Z,brandon.ng,sess_e5f6g7,model_reasonnet_1.3,71629
2025-10-23T02:00:00Z,zoe.miller,sess_h8i9j0,model_reasonnet_1.3,71932
2025-10-23T02:05:00Z,liam.diaz,sess_k1l2m3,model_reasonnet_1.3,74395
2025-10-23T02:10:00Z,sasha.ren,sess_n4o5p6,model_reasonnet_1.3,75436
2025-10-23T02:15:00Z,omar.khan,sess_q7r8s9,model_reasonnet_1.3,75805
2025-10-23T02:20:00Z,ivy.chen,sess_t0u1v2,model_reasonnet_1.3,71405
2025-10-23T02:25:00Z,daniel.ross,sess_w3x4y5,model_reasonnet_1.3,74819
2025-10-23T02:30:00Z,megan.lee,sess_z6a7b8,model_reasonnet_1.3,74324
2025-10-23T02:35:00Z,tyler.james,sess_c9d0e1,model_reasonnet_1.3,72936
2025-10-23T02:40:00Z,anika.singh,sess_f2g3h4,model_reasonnet_1.3,72446
2025-10-23T02:45:00Z,leo.martin,sess_i5j6k7,model_reasonnet_1.3,73265
2025-10-23T02:50:00Z,grace.huang,sess_l8m9n0,model_reasonnet_1.3,73092
2025-10-23T02:55:00Z,aaron.cho,sess_o1p2q3,model_reasonnet_1.3,72923
2025-10-23T03:00:00Z,emily.nguyen,sess_r4s5t6,model_reasonnet_1.3,72985
2025-10-23T03:05:00Z,ryan.kim,sess_u7v8w9,model_reasonnet_1.3,74865
2025-10-23T03:10:00Z,nina.patel,sess_x0y1z2,model_reasonnet_1.3,74983
2025-10-23T03:15:00Z,ethan.wood,sess_a3b4c5,model_reasonnet_1.3,74085
2025-10-23T03:20:00Z,sofia.ali,sess_d6e7f8,model_reasonnet_1.3,72846
2025-10-23T03:25:00Z,logan.bell,sess_g9h0i1,model_reasonnet_1.3,74960
2025-10-23T03:30:00Z,jtran,sess_j2k3l4,model_reasonnet_1.3,74898
2025-10-23T03:35:00Z,maria.gomez,sess_m5n6o7,model_reasonnet_1.3,73902
2025-10-23T03:40:00Z,cyberwolf42,sess_p8q9r0,model_reasonnet_1.3,72720
2025-10-23T03:45:00Z,elena.vault,sess_s1t2u3,model_reasonnet_1.3,73055
2025-10-23T03:50:00Z,hexhunter,sess_v4w5x6,model_reasonnet_1.3,75806
2025-10-23T03:55:00Z,kevin.choi,sess_y7z8a9,model_reasonnet_1.3,74998
2025-10-23T04:00:00Z,alina.k,sess_b2c3d4,model_reasonnet_1.3,71310
2025-10-23T04:05:00Z,brandon.ng,sess_e5f6g7,model_reasonnet_1.3,75665
2025-10-23T04:10:00Z,zoe.miller,sess_h8i9j0,model_reasonnet_1.3,71972
2025-10-23T04:15:00Z,liam.diaz,sess_k1l2m3,model_reasonnet_1.3,74348
2025-10-23T04:20:00Z,sasha.ren,sess_n4o5p6,model_reasonnet_1.3,72742
2025-10-23T04:25:00Z,omar.khan,sess_q7r8s9,model_reasonnet_1.3,71219
2025-10-23T04:30:00Z,ivy.chen,sess_t0u1v2,model_reasonnet_1.3,74659
2025-10-23T04:35:00Z,daniel.ross,sess_w3x4y5,model_reasonnet_1.3,72542
2025-10-23T04:40:00Z,megan.lee,sess_z6a7b8,model_reasonnet_1.3,75347
2025-10-23T04:45:00Z,tyler.james,sess_c9d0e1,model_reasonnet_1.3,71944
2025-10-23T04:50:00Z,anika.singh,sess_f2g3h4,model_reasonnet_1.3,75033
2025-10-23T04:55:00Z,leo.martin,sess_i5j6k7,model_reasonnet_1.3,72770
2025-10-23T05:00:00Z,grace.huang,sess_l8m9n0,model_reasonnet_1.3,73688
2025-10-23T05:05:00Z,aaron.cho,sess_o1p2q3,model_reasonnet_1.3,71685
2025-10-23T05:10:00Z,emily.nguyen,sess_r4s5t6,model_reasonnet_1.3,72462
2025-10-23T05:15:00Z,ryan.kim,sess_u7v8w9,model_reasonnet_1.3,74445
2025-10-23T05:20:00Z,nina.patel,sess_x0y1z2,model_reasonnet_1.3,75017
2025-10-23T05:20:00Z,tycho.v,sess_aa1bb2,model_reasonnet_1.3,74680
2025-10-23T05:25:00Z,camila.ortiz,sess_cc3dd4,model_reasonnet_1.3,75816
2025-10-23T05:30:00Z,devon.cho,sess_ee5ff6,model_reasonnet_1.3,73317
2025-10-23T05:35:00Z,elena.vault,sess_gg7hh8,model_reasonnet_1.3,73282
2025-10-23T05:40:00Z,hexhunter,sess_ii9jj0,model_reasonnet_1.3,75246
2025-10-23T05:45:00Z,kevin.choi,sess_kk1ll2,model_reasonnet_1.3,75961
2025-10-23T05:50:00Z,alina.k,sess_mm3nn4,model_reasonnet_1.3,74117
2025-10-23T05:55:00Z,brandon.ng,sess_oo5pp6,model_reasonnet_1.3,73902
2025-10-23T06:00:00Z,zoe.miller,sess_qq7rr8,model_reasonnet_1.3,75356
2025-10-23T06:05:00Z,liam.diaz,sess_ss9tt0,model_reasonnet_1.3,71402
2025-10-23T06:10:00Z,sasha.ren,sess_uu1vv2,model_reasonnet_1.3,71168
2025-10-23T06:15:00Z,omar.khan,sess_ww3xx4,model_reasonnet_1.3,72050
2025-10-23T06:20:00Z,ivy.chen,sess_yy5zz6,model_reasonnet_1.3,72841
2025-10-23T06:25:00Z,daniel.ross,sess_zz7aa8,model_reasonnet_1.3,72799
2025-10-23T06:30:00Z,megan.lee,sess_bb9cc0,model_reasonnet_1.3,71346
2025-10-23T06:35:00Z,tyler.james,sess_dd1ee2,model_reasonnet_1.3,74511
2025-10-23T06:40:00Z,anika.singh,sess_ff3gg4,model_reasonnet_1.3,73048
2025-10-23T06:45:00Z,leo.martin,sess_hh5ii6,model_reasonnet_1.3,75516
2025-10-23T06:50:00Z,grace.huang,sess_jj7kk8,model_reasonnet_1.3,71489
2025-10-23T06:55:00Z,aaron.cho,sess_ll9mm0,model_reasonnet_1.3,75833
2025-10-22T21:00:00Z,user_001,sess_abc123,model_summarizer_x,51402
2025-10-22T21:00:00Z,jtran,sess_1a2b3c,model_summarizer_x,52888
2025-10-22T21:05:00Z,user_002,sess_def456,model_summarizer_x,52528
2025-10-22T21:05:00Z,maria.gomez,sess_4d5e6f,model_summarizer_x,51254
2025-10-22T21:10:00Z,user_003,sess_xyz789,model_summarizer_x,53046
2025-10-22T21:10:00Z,cyberwolf42,sess_7g8h9i,model_summarizer_x,51806
2025-10-22T21:15:00Z,user_004,sess_ghj321,model_summarizer_x,53837
2025-10-22T21:15:00Z,elena.vault,sess_0j1k2l,model_summarizer_x,50469
2025-10-22T21:20:00Z,user_005,sess_lmn654,model_summarizer_x,52211
2025-10-22T21:20:00Z,hexhunter,sess_3m4n5o,model_summarizer_x,53988
2025-10-22T21:25:00Z,kevin.choi,sess_b2c3d4,model_summarizer_x,53810
2025-10-22T21:30:00Z,alina.k,sess_e5f6g7,model_summarizer_x,54980
2025-10-22T21:35:00Z,brandon.ng,sess_h8i9j0,model_summarizer_x,54802
2025-10-22T21:40:00Z,zoe.miller,sess_k1l2m3,model_summarizer_x,52208
2025-10-22T21:45:00Z,liam.diaz,sess_n4o5p6,model_summarizer_x,53870
2025-10-22T21:50:00Z,sasha.ren,sess_q7r8s9,model_summarizer_x,52883
2025-10-22T21:55:00Z,omar.khan,sess_t0u1v2,model_summarizer_x,51434
2025-10-22T22:00:00Z,ivy.chen,sess_w3x4y5,model_summarizer_x,50535
2025-10-22T22:05:00Z,daniel.ross,sess_z6a7b8,model_summarizer_x,53432
2025-10-22T22:10:00Z,megan.lee,sess_c9d0e1,model_summarizer_x,50796
2025-10-22T22:15:00Z,tyler.james,sess_f2g3h4,model_summarizer_x,50477
2025-10-22T22:20:00Z,anika.singh,sess_i5j6k7,model_summarizer_x,51388
2025-10-22T22:25:00Z,leo.martin,sess_l8m9n0,model_summarizer_x,50833
2025-10-22T22:30:00Z,grace.huang,sess_o1p2q3,model_summarizer_x,51960
2025-10-22T22:35:00Z,aaron.cho,sess_r4s5t6,model_summarizer_x,53181
2025-10-22T22:40:00Z,emily.nguyen,sess_u7v8w9,model_summarizer_x,51510
2025-10-22T22:45:00Z,ryan.kim,sess_x0y1z2,model_summarizer_x,52635
2025-10-22T22:50:00Z,nina.patel,sess_a3b4c5,model_summarizer_x,53824
2025-10-22T22:55:00Z,ethan.wood,sess_d6e7f8,model_summarizer_x,53682
2025-10-22T23:00:00Z,sofia.ali,sess_g9h0i1,model_summarizer_x,51499
2025-10-22T23:05:00Z,logan.bell,sess_j2k3l4,model_summarizer_x,54330
2025-10-22T23:10:00Z,jtran,sess_j2k3l4,model_summarizer_x,54192
2025-10-22T23:15:00Z,maria.gomez,sess_m5n6o7,model_summarizer_x,50039
2025-10-22T23:20:00Z,cyberwolf42,sess_p8q9r0,model_summarizer_x,53138
2025-10-22T23:25:00Z,elena.vault,sess_s1t2u3,model_summarizer_x,54917
2025-10-22T23:30:00Z,hexhunter,sess_v4w5x6,model_summarizer_x,51257
2025-10-22T23:35:00Z,kevin.choi,sess_y7z8a9,model_summarizer_x,54762
2025-10-22T23:40:00Z,alina.k,sess_b2c3d4,model_summarizer_x,51799
2025-10-22T23:45:00Z,brandon.ng,sess_e5f6g7,model_summarizer_x,52498
2025-10-22T23:50:00Z,zoe.miller,sess_h8i9j0,model_summarizer_x,54742
2025-10-22T23:55:00Z,liam.diaz,sess_k1l2m3,model_summarizer_x,53439
2025-10-23T00:00:00Z,sasha.ren,sess_n4o5p6,model_summarizer_x,51310
2025-10-23T00:05:00Z,omar.khan,sess_q7r8s9,model_summarizer_x,51693
2025-10-23T00:10:00Z,ivy.chen,sess_t0u1v2,model_summarizer_x,53874
2025-10-23T00:15:00Z,daniel.ross,sess_w3x4y5,model_summarizer_x,50763
2025-10-23T00:20:00Z,megan.lee,sess_z6a7b8,model_summarizer_x,52843
2025-10-23T00:25:00Z,tyler.james,sess_c9d0e1,model_summarizer_x,53824
2025-10-23T00:30:00Z,anika.singh,sess_f2g3h4,model_summarizer_x,54862
2025-10-23T00:35:00Z,leo.martin,sess_i5j6k7,model_summarizer_x,52124
2025-10-23T00:40:00Z,grace.huang,sess_l8m9n0,model_summarizer_x,53297
2025-10-23T00:45:00Z,aaron.cho,sess_o1p2q3,model_summarizer_x,53954
2025-10-23T00:50:00Z,emily.nguyen,sess_r4s5t6,model_summarizer_x,54522
2025-10-23T00:55:00Z,ryan.kim,sess_u7v8w9,model_summarizer_x,54624
2025-10-23T01:00:00Z,nina.patel,sess_x0y1z2,model_summarizer_x,54534
2025-10-23T01:05:00Z,ethan.wood,sess_a3b4c5,model_summarizer_x,53764
2025-10-23T01:10:00Z,sofia.ali,sess_d6e7f8,model_summarizer_x,54739
2025-10-23T01:15:00Z,logan.bell,sess_g9h0i1,model_summarizer_x,50724
2025-10-23T01:20:00Z,jtran,sess_j2k3l4,model_summarizer_x,50484
2025-10-23T01:25:00Z,maria.gomez,sess_m5n6o7,model_summarizer_x,51848
2025-10-23T01:30:00Z,cyberwolf42,sess_p8q9r0,model_summarizer_x,53222
2025-10-23T01:35:00Z,elena.vault,sess_s1t2u3,model_summarizer_x,52668
2025-10-23T01:40:00Z,hexhunter,sess_v4w5x6,model_summarizer_x,52480
2025-10-23T01:45:00Z,kevin.choi,sess_y7z8a9,model_summarizer_x,53127
2025-10-23T01:50:00Z,alina.k,sess_b2c3d4,model_summarizer_x,54956
2025-10-23T01:55:00Z,brandon.ng,sess_e5f6g7,model_summarizer_x,51690
2025-10-23T02:00:00Z,zoe.miller,sess_h8i9j0,model_summarizer_x,50209
2025-10-23T02:05:00Z,liam.diaz,sess_k1l2m3,model_summarizer_x,54284
2025-10-23T02:10:00Z,sasha.ren,sess_n4o5p6,model_summarizer_x,50519
2025-10-23T02:15:00Z,omar.khan,sess_q7r8s9,model_summarizer_x,54576
2025-10-23T02:20:00Z,ivy.chen,sess_t0u1v2,model_summarizer_x,52265
2025-10-23T02:25:00Z,daniel.ross,sess_w3x4y5,model_summarizer_x,53202
2025-10-23T02:30:00Z,megan.lee,sess_z6a7b8,model_summarizer_x,52050
2025-10-23T02:35:00Z,tyler.james,sess_c9d0e1,model_summarizer_x,52694
2025-10-23T02:40:00Z,anika.singh,sess_f2g3h4,model_summarizer_x,51135
2025-10-23T02:45:00Z,leo.martin,sess_i5j6k7,model_summarizer_x,51852
2025-10-23T02:50:00Z,grace.huang,sess_l8m9n0,model_summarizer_x,52579
2025-10-23T02:55:00Z,aaron.cho,sess_o1p2q3,model_summarizer_x,54927
2025-10-23T03:00:00Z,emily.nguyen,sess_r4s5t6,model_summarizer_x,52180
2025-10-23T03:05:00Z,ryan.kim,sess_u7v8w9,model_summarizer_x,53663
2025-10-23T03:10:00Z,nina.patel,sess_x0y1z2,model_summarizer_x,51518
2025-10-23T03:15:00Z,ethan.wood,sess_a3b4c5,model_summarizer_x,51358
2025-10-23T03:20:00Z,sofia.ali,sess_d6e7f8,model_summarizer_x,53320
2025-10-23T03:25:00Z,logan.bell,sess_g9h0i1,model_summarizer_x,53714
2025-10-23T03:30:00Z,jtran,sess_j2k3l4,model_summarizer_x,50722
2025-10-23T03:35:00Z,maria.gomez,sess_m5n6o7,model_summarizer_x,53773
2025-10-23T03:40:00Z,cyberwolf42,sess_p8q9r0,model_summarizer_x,51702
2025-10-23T03:45:00Z,elena.vault,sess_s1t2u3,model_summarizer_x,53143
2025-10-23T03:50:00Z,hexhunter,sess_v4w5x6,model_summarizer_x,51886
2025-10-23T03:55:00Z,kevin.choi,sess_y7z8a9,model_summarizer_x,51634
2025-10-23T04:00:00Z,alina.k,sess_b2c3d4,model_summarizer_x,54547
2025-10-23T04:05:00Z,brandon.ng,sess_e5f6g7,model_summarizer_x,54102
2025-10-23T04:10:00Z,zoe.miller,sess_h8i9j0,model_summarizer_x,54886
2025-10-23T04:15:00Z,liam.diaz,sess_k1l2m3,model_summarizer_x,50732
2025-10-23T04:20:00Z,sasha.ren,sess_n4o5p6,model_summarizer_x,54278
2025-10-23T04:25:00Z,omar.khan,sess_q7r8s9,model_summarizer_x,50128
2025-10-23T04:30:00Z,ivy.chen,sess_t0u1v2,model_summarizer_x,54609
2025-10-23T04:35:00Z,daniel.ross,sess_w3x4y5,model_summarizer_x,51900
2025-10-23T04:40:00Z,megan.lee,sess_z6a7b8,model_summarizer_x,54753
2025-10-23T04:45:00Z,tyler.james,sess_c9d0e1,model_summarizer_x,51347
2025-10-23T04:50:00Z,anika.singh,sess_f2g3h4,model_summarizer_x,54979
2025-10-23T04:55:00Z,leo.martin,sess_i5j6k7,model_summarizer_x,53121
2025-10-23T05:00:00Z,grace.huang,sess_l8m9n0,model_summarizer_x,51162
2025-10-23T05:05:00Z,aaron.cho,sess_o1p2q3,model_summarizer_x,50290
2025-10-23T05:10:00Z,emily.nguyen,sess_r4s5t6,model_summarizer_x,53534
2025-10-23T05:15:00Z,ryan.kim,sess_u7v8w9,model_summarizer_x,50968
2025-10-23T05:20:00Z,nina.patel,sess_x0y1z2,model_summarizer_x,53436
2025-10-23T05:20:00Z,tycho.v,sess_aa1bb2,model_summarizer_x,50112
2025-10-23T05:25:00Z,camila.ortiz,sess_cc3dd4,model_summarizer_x,51172
2025-10-23T05:30:00Z,devon.cho,sess_ee5ff6,model_summarizer_x,54869
2025-10-23T05:35:00Z,elena.vault,sess_gg7hh8,model_summarizer_x,52220
2025-10-23T05:40:00Z,hexhunter,sess_ii9jj0,model_summarizer_x,50272
2025-10-23T05:45:00Z,kevin.choi,sess_kk1ll2,model_summarizer_x,53039
2025-10-23T05:50:00Z,alina.k,sess_mm3nn4,model_summarizer_x,51637
2025-10-23T05:55:00Z,brandon.ng,sess_oo5pp6,model_summarizer_x,53047
2025-10-23T06:00:00Z,zoe.miller,sess_qq7rr8,model_summarizer_x,51673
2025-10-23T06:05:00Z,liam.diaz,sess_ss9tt0,model_summarizer_x,53123
2025-10-23T06:10:00Z,sasha.ren,sess_uu1vv2,model_summarizer_x,51740
2025-10-23T06:15:00Z,omar.khan,sess_ww3xx4,model_summarizer_x,54313
2025-10-23T06:20:00Z,ivy.chen,sess_yy5zz6,model_summarizer_x,51254
2025-10-23T06:25:00Z,daniel.ross,sess_zz7aa8,model_summarizer_x,51806
2025-10-23T06:30:00Z,megan.lee,sess_bb9cc0,model_summarizer_x,50469
2025-10-23T06:35:00Z,tyler.james,sess_dd1ee2,model_summarizer_x,53988
2025-10-23T06:40:00Z,anika.singh,sess_ff3gg4,model_summarizer_x,50112
2025-10-23T06:45:00Z,leo.martin,sess_hh5ii6,model_summarizer_x,51172
2025-10-23T06:50:00Z,grace.huang,sess_jj7kk8,model_summarizer_x,54869
2025-10-23T06:55:00Z,aaron.cho,sess_ll9mm0,model_summarizer_x,52220
2025-10-22T21:00:00Z,user_001,sess_abc123,model_syntaxnet_v4,64598
2025-10-22T21:00:00Z,jtran,sess_1a2b3c,model_syntaxnet_v4,64893
2025-10-22T21:05:00Z,user_002,sess_def456,model_syntaxnet_v4,64925
2025-10-22T21:05:00Z,maria.gomez,sess_4d5e6f,model_syntaxnet_v4,64972
2025-10-22T21:10:00Z,user_003,sess_xyz789,model_syntaxnet_v4,63825
2025-10-22T21:10:00Z,cyberwolf42,sess_7g8h9i,model_syntaxnet_v4,66512
2025-10-22T21:15:00Z,user_004,sess_ghj321,model_syntaxnet_v4,64124
2025-10-22T21:15:00Z,elena.vault,sess_0j1k2l,model_syntaxnet_v4,63801
2025-10-22T21:20:00Z,user_005,sess_lmn654,model_syntaxnet_v4,64438
2025-10-22T21:20:00Z,hexhunter,sess_3m4n5o,model_syntaxnet_v4,65829
2025-10-22T21:25:00Z,kevin.choi,sess_b2c3d4,model_syntaxnet_v4,62555
2025-10-22T21:30:00Z,alina.k,sess_e5f6g7,model_syntaxnet_v4,63919
2025-10-22T21:35:00Z,brandon.ng,sess_h8i9j0,model_syntaxnet_v4,63047
2025-10-22T21:40:00Z,zoe.miller,sess_k1l2m3,model_syntaxnet_v4,65068
2025-10-22T21:45:00Z,liam.diaz,sess_n4o5p6,model_syntaxnet_v4,62040
2025-10-22T21:50:00Z,sasha.ren,sess_q7r8s9,model_syntaxnet_v4,65056
2025-10-22T21:55:00Z,omar.khan,sess_t0u1v2,model_syntaxnet_v4,65209
2025-10-22T22:00:00Z,ivy.chen,sess_w3x4y5,model_syntaxnet_v4,63058
2025-10-22T22:05:00Z,daniel.ross,sess_z6a7b8,model_syntaxnet_v4,63522
2025-10-22T22:10:00Z,megan.lee,sess_c9d0e1,model_syntaxnet_v4,63027
2025-10-22T22:15:00Z,tyler.james,sess_f2g3h4,model_syntaxnet_v4,66715
2025-10-22T22:20:00Z,anika.singh,sess_i5j6k7,model_syntaxnet_v4,63948
2025-10-22T22:25:00Z,leo.martin,sess_l8m9n0,model_syntaxnet_v4,62940
2025-10-22T22:30:00Z,grace.huang,sess_o1p2q3,model_syntaxnet_v4,64883
2025-10-22T22:35:00Z,aaron.cho,sess_r4s5t6,model_syntaxnet_v4,62348
2025-10-22T22:40:00Z,emily.nguyen,sess_u7v8w9,model_syntaxnet_v4,65006
2025-10-22T22:45:00Z,ryan.kim,sess_x0y1z2,model_syntaxnet_v4,63983
2025-10-22T22:50:00Z,nina.patel,sess_a3b4c5,model_syntaxnet_v4,62296
2025-10-22T22:55:00Z,ethan.wood,sess_d6e7f8,model_syntaxnet_v4,63362
2025-10-22T23:00:00Z,sofia.ali,sess_g9h0i1,model_syntaxnet_v4,63281
2025-10-22T23:05:00Z,logan.bell,sess_j2k3l4,model_syntaxnet_v4,65749
2025-10-22T23:10:00Z,jtran,sess_j2k3l4,model_syntaxnet_v4,65887
2025-10-22T23:15:00Z,maria.gomez,sess_m5n6o7,model_syntaxnet_v4,64436
2025-10-22T23:20:00Z,cyberwolf42,sess_p8q9r0,model_syntaxnet_v4,66425
2025-10-22T23:25:00Z,elena.vault,sess_s1t2u3,model_syntaxnet_v4,62560
2025-10-22T23:30:00Z,hexhunter,sess_v4w5x6,model_syntaxnet_v4,65341
2025-10-22T23:35:00Z,kevin.choi,sess_y7z8a9,model_syntaxnet_v4,63782
2025-10-22T23:40:00Z,alina.k,sess_b2c3d4,model_syntaxnet_v4,65484
2025-10-22T23:45:00Z,brandon.ng,sess_e5f6g7,model_syntaxnet_v4,63313
2025-10-22T23:50:00Z,zoe.miller,sess_h8i9j0,model_syntaxnet_v4,63609
2025-10-22T23:55:00Z,liam.diaz,sess_k1l2m3,model_syntaxnet_v4,62841
2025-10-23T00:00:00Z,sasha.ren,sess_n4o5p6,model_syntaxnet_v4,64635
2025-10-23T00:05:00Z,omar.khan,sess_q7r8s9,model_syntaxnet_v4,63142
2025-10-23T00:10:00Z,ivy.chen,sess_t0u1v2,model_syntaxnet_v4,65143
2025-10-23T00:15:00Z,daniel.ross,sess_w3x4y5,model_syntaxnet_v4,66593
2025-10-23T00:20:00Z,megan.lee,sess_z6a7b8,model_syntaxnet_v4,65228
2025-10-23T00:25:00Z,tyler.james,sess_c9d0e1,model_syntaxnet_v4,66626
2025-10-23T00:30:00Z,anika.singh,sess_f2g3h4,model_syntaxnet_v4,65284
2025-10-23T00:35:00Z,leo.martin,sess_i5j6k7,model_syntaxnet_v4,64494
2025-10-23T00:40:00Z,grace.huang,sess_l8m9n0,model_syntaxnet_v4,63693
2025-10-23T00:45:00Z,aaron.cho,sess_o1p2q3,model_syntaxnet_v4,62975
2025-10-23T00:50:00Z,emily.nguyen,sess_r4s5t6,model_syntaxnet_v4,62690
2025-10-23T00:55:00Z,ryan.kim,sess_u7v8w9,model_syntaxnet_v4,64027
2025-10-23T01:00:00Z,nina.patel,sess_x0y1z2,model_syntaxnet_v4,66241
2025-10-23T01:05:00Z,ethan.wood,sess_a3b4c5,model_syntaxnet_v4,63255
2025-10-23T01:10:00Z,sofia.ali,sess_d6e7f8,model_syntaxnet_v4,62307
2025-10-23T01:15:00Z,logan.bell,sess_g9h0i1,model_syntaxnet_v4,62951
2025-10-23T01:20:00Z,jtran,sess_j2k3l4,model_syntaxnet_v4,63940
2025-10-23T01:25:00Z,maria.gomez,sess_m5n6o7,model_syntaxnet_v4,66292
2025-10-23T01:30:00Z,cyberwolf42,sess_p8q9r0,model_syntaxnet_v4,66219
2025-10-23T01:35:00Z,elena.vault,sess_s1t2u3,model_syntaxnet_v4,66655
2025-10-23T01:40:00Z,hexhunter,sess_v4w5x6,model_syntaxnet_v4,63077
2025-10-23T01:45:00Z,kevin.choi,sess_y7z8a9,model_syntaxnet_v4,66017
2025-10-23T01:50:00Z,alina.k,sess_b2c3d4,model_syntaxnet_v4,65770
2025-10-23T01:55:00Z,brandon.ng,sess_e5f6g7,model_syntaxnet_v4,64354
2025-10-23T02:00:00Z,zoe.miller,sess_h8i9j0,model_syntaxnet_v4,64222
2025-10-23T02:05:00Z,liam.diaz,sess_k1l2m3,model_syntaxnet_v4,64271
2025-10-23T02:10:00Z,sasha.ren,sess_n4o5p6,model_syntaxnet_v4,62076
2025-10-23T02:15:00Z,omar.khan,sess_q7r8s9,model_syntaxnet_v4,62391
2025-10-23T02:20:00Z,ivy.chen,sess_t0u1v2,model_syntaxnet_v4,66627
2025-10-23T02:25:00Z,daniel.ross,sess_w3x4y5,model_syntaxnet_v4,62873
2025-10-23T02:30:00Z,megan.lee,sess_z6a7b8,model_syntaxnet_v4,62035
2025-10-23T02:35:00Z,tyler.james,sess_c9d0e1,model_syntaxnet_v4,65315
2025-10-23T02:40:00Z,anika.singh,sess_f2g3h4,model_syntaxnet_v4,63604
2025-10-23T02:45:00Z,leo.martin,sess_i5j6k7,model_syntaxnet_v4,63807
2025-10-23T02:50:00Z,grace.huang,sess_l8m9n0,model_syntaxnet_v4,64368
2025-10-23T02:55:00Z,aaron.cho,sess_o1p2q3,model_syntaxnet_v4,66257
2025-10-23T03:00:00Z,emily.nguyen,sess_r4s5t6,model_syntaxnet_v4,64499
2025-10-23T03:05:00Z,ryan.kim,sess_u7v8w9,model_syntaxnet_v4,63798
2025-10-23T03:10:00Z,nina.patel,sess_x0y1z2,model_syntaxnet_v4,62583
2025-10-23T03:15:00Z,ethan.wood,sess_a3b4c5,model_syntaxnet_v4,62099
2025-10-23T03:20:00Z,sofia.ali,sess_d6e7f8,model_syntaxnet_v4,63220
2025-10-23T03:25:00Z,logan.bell,sess_g9h0i1,model_syntaxnet_v4,65818
2025-10-23T03:30:00Z,jtran,sess_j2k3l4,model_syntaxnet_v4,63634
2025-10-23T03:35:00Z,maria.gomez,sess_m5n6o7,model_syntaxnet_v4,65676
2025-10-23T03:40:00Z,cyberwolf42,sess_p8q9r0,model_syntaxnet_v4,62522
2025-10-23T03:45:00Z,elena.vault,sess_s1t2u3,model_syntaxnet_v4,62251
2025-10-23T03:50:00Z,hexhunter,sess_v4w5x6,model_syntaxnet_v4,62913
2025-10-23T03:55:00Z,kevin.choi,sess_y7z8a9,model_syntaxnet_v4,62489
2025-10-23T04:00:00Z,alina.k,sess_b2c3d4,model_syntaxnet_v4,64252
2025-10-23T04:05:00Z,brandon.ng,sess_e5f6g7,model_syntaxnet_v4,65628
2025-10-23T04:10:00Z,zoe.miller,sess_h8i9j0,model_syntaxnet_v4,62061
2025-10-23T04:15:00Z,liam.diaz,sess_k1l2m3,model_syntaxnet_v4,66853
2025-10-23T04:20:00Z,sasha.ren,sess_n4o5p6,model_syntaxnet_v4,65260
2025-10-23T04:25:00Z,omar.khan,sess_q7r8s9,model_syntaxnet_v4,66057
2025-10-23T04:30:00Z,ivy.chen,sess_t0u1v2,model_syntaxnet_v4,66512
2025-10-23T04:35:00Z,daniel.ross,sess_w3x4y5,model_syntaxnet_v4,65763
2025-10-23T04:40:00Z,megan.lee,sess_z6a7b8,model_syntaxnet_v4,65989
2025-10-23T04:45:00Z,tyler.james,sess_c9d0e1,model_syntaxnet_v4,65015
2025-10-23T04:50:00Z,anika.singh,sess_f2g3h4,model_syntaxnet_v4,63553
2025-10-23T04:55:00Z,leo.martin,sess_i5j6k7,model_syntaxnet_v4,63533
2025-10-23T05:00:00Z,grace.huang,sess_l8m9n0,model_syntaxnet_v4,65510
2025-10-23T05:05:00Z,aaron.cho,sess_o1p2q3,model_syntaxnet_v4,64837
2025-10-23T05:10:00Z,emily.nguyen,sess_r4s5t6,model_syntaxnet_v4,64332
2025-10-23T05:15:00Z,ryan.kim,sess_u7v8w9,model_syntaxnet_v4,64967
2025-10-23T05:20:00Z,nina.patel,sess_x0y1z2,model_syntaxnet_v4,62935
2025-10-23T05:20:00Z,tycho.v,sess_aa1bb2,model_syntaxnet_v4,64559
2025-10-23T05:25:00Z,camila.ortiz,sess_cc3dd4,model_syntaxnet_v4,65838
2025-10-23T05:30:00Z,devon.cho,sess_ee5ff6,model_syntaxnet_v4,63446
2025-10-23T05:35:00Z,elena.vault,sess_gg7hh8,model_syntaxnet_v4,65652
2025-10-23T05:40:00Z,hexhunter,sess_ii9jj0,model_syntaxnet_v4,64816
2025-10-23T05:45:00Z,kevin.choi,sess_kk1ll2,model_syntaxnet_v4,66921
2025-10-23T05:50:00Z,alina.k,sess_mm3nn4,model_syntaxnet_v4,63696
2025-10-23T05:55:00Z,brandon.ng,sess_oo5pp6,model_syntaxnet_v4,65116
2025-10-23T06:00:00Z,zoe.miller,sess_qq7rr8,model_syntaxnet_v4,66322
2025-10-23T06:05:00Z,liam.diaz,sess_ss9tt0,model_syntaxnet_v4,62362
2025-10-23T06:10:00Z,sasha.ren,sess_uu1vv2,model_syntaxnet_v4,66025
2025-10-23T06:15:00Z,omar.khan,sess_ww3xx4,model_syntaxnet_v4,63490
2025-10-23T06:20:00Z,ivy.chen,sess_yy5zz6,model_syntaxnet_v4,62809
2025-10-23T06:25:00Z,daniel.ross,sess_zz7aa8,model_syntaxnet_v4,65835
2025-10-23T06:30:00Z,megan.lee,sess_bb9cc0,model_syntaxnet_v4,64238
2025-10-23T06:35:00Z,tyler.james,sess_dd1ee2,model_syntaxnet_v4,65687
2025-10-23T06:40:00Z,anika.singh,sess_ff3gg4,model_syntaxnet_v4,65138
2025-10-23T06:45:00Z,leo.martin,sess_hh5ii6,model_syntaxnet_v4,62701
2025-10-23T06:50:00Z,grace.huang,sess_jj7kk8,model_syntaxnet_v4,65760
2025-10-23T06:55:00Z,aaron.cho,sess_ll9mm0,model_syntaxnet_v4,65167
2025-10-22T21:00:00Z,user_001,sess_abc123,model_textgen_alpha,73601
2025-10-22T21:00:00Z,jtran,sess_1a2b3c,model_textgen_alpha,72256
2025-10-22T21:05:00Z,user_002,sess_def456,model_textgen_alpha,72431
2025-10-22T21:05:00Z,maria.gomez,sess_4d5e6f,model_textgen_alpha,75620
2025-10-22T21:10:00Z,user_003,sess_xyz789,model_textgen_alpha,75371
2025-10-22T21:10:00Z,cyberwolf42,sess_7g8h9i,model_textgen_alpha,74997
2025-10-22T21:15:00Z,user_004,sess_ghj321,model_textgen_alpha,75949
2025-10-22T21:15:00Z,elena.vault,sess_0j1k2l,model_textgen_alpha,71749
2025-10-22T21:20:00Z,user_005,sess_lmn654,model_textgen_alpha,75126
2025-10-22T21:20:00Z,hexhunter,sess_3m4n5o,model_textgen_alpha,72657
2025-10-22T21:25:00Z,kevin.choi,sess_b2c3d4,model_textgen_alpha,72557
2025-10-22T21:30:00Z,alina.k,sess_e5f6g7,model_textgen_alpha,71279
2025-10-22T21:35:00Z,brandon.ng,sess_h8i9j0,model_textgen_alpha,73965
2025-10-22T21:40:00Z,zoe.miller,sess_k1l2m3,model_textgen_alpha,72072
2025-10-22T21:45:00Z,liam.diaz,sess_n4o5p6,model_textgen_alpha,74791
2025-10-22T21:50:00Z,sasha.ren,sess_q7r8s9,model_textgen_alpha,74934
2025-10-22T21:55:00Z,omar.khan,sess_t0u1v2,model_textgen_alpha,72503
2025-10-22T22:00:00Z,ivy.chen,sess_w3x4y5,model_textgen_alpha,71821
2025-10-22T22:05:00Z,daniel.ross,sess_z6a7b8,model_textgen_alpha,74882
2025-10-22T22:10:00Z,megan.lee,sess_c9d0e1,model_textgen_alpha,75628
2025-10-22T22:15:00Z,tyler.james,sess_f2g3h4,model_textgen_alpha,73224
2025-10-22T22:20:00Z,anika.singh,sess_i5j6k7,model_textgen_alpha,72824
2025-10-22T22:25:00Z,leo.martin,sess_l8m9n0,model_textgen_alpha,71096
2025-10-22T22:30:00Z,grace.huang,sess_o1p2q3,model_textgen_alpha,71500
2025-10-22T22:35:00Z,aaron.cho,sess_r4s5t6,model_textgen_alpha,73386
2025-10-22T22:40:00Z,emily.nguyen,sess_u7v8w9,model_textgen_alpha,75687
2025-10-22T22:45:00Z,ryan.kim,sess_x0y1z2,model_textgen_alpha,73077
2025-10-22T22:50:00Z,nina.patel,sess_a3b4c5,model_textgen_alpha,71506
2025-10-22T22:55:00Z,ethan.wood,sess_d6e7f8,model_textgen_alpha,73348
2025-10-22T23:00:00Z,sofia.ali,sess_g9h0i1,model_textgen_alpha,74888
2025-10-22T23:05:00Z,logan.bell,sess_j2k3l4,model_textgen_alpha,71604
2025-10-22T23:10:00Z,jtran,sess_j2k3l4,model_textgen_alpha,72365
2025-10-22T23:15:00Z,maria.gomez,sess_m5n6o7,model_textgen_alpha,73442
2025-10-22T23:20:00Z,cyberwolf42,sess_p8q9r0,model_textgen_alpha,72498
2025-10-22T23:25:00Z,elena.vault,sess_s1t2u3,model_textgen_alpha,72308
2025-10-22T23:30:00Z,hexhunter,sess_v4w5x6,model_textgen_alpha,73745
2025-10-22T23:35:00Z,kevin.choi,sess_y7z8a9,model_textgen_alpha,73226
2025-10-22T23:40:00Z,alina.k,sess_b2c3d4,model_textgen_alpha,74205
2025-10-22T23:45:00Z,brandon.ng,sess_e5f6g7,model_textgen_alpha,71619
2025-10-22T23:50:00Z,zoe.miller,sess_h8i9j0,model_textgen_alpha,73351
2025-10-22T23:55:00Z,liam.diaz,sess_k1l2m3,model_textgen_alpha,74700
2025-10-23T00:00:00Z,sasha.ren,sess_n4o5p6,model_textgen_alpha,74279
2025-10-23T00:05:00Z,omar.khan,sess_q7r8s9,model_textgen_alpha,74477
2025-10-23T00:10:00Z,ivy.chen,sess_t0u1v2,model_textgen_alpha,71029
2025-10-23T00:15:00Z,daniel.ross,sess_w3x4y5,model_textgen_alpha,75387
2025-10-23T00:20:00Z,megan.lee,sess_z6a7b8,model_textgen_alpha,72712
2025-10-23T00:25:00Z,tyler.james,sess_c9d0e1,model_textgen_alpha,75622
2025-10-23T00:30:00Z,anika.singh,sess_f2g3h4,model_textgen_alpha,71573
2025-10-23T00:35:00Z,leo.martin,sess_i5j6k7,model_textgen_alpha,75353
2025-10-23T00:40:00Z,grace.huang,sess_l8m9n0,model_textgen_alpha,74084
2025-10-23T00:45:00Z,aaron.cho,sess_o1p2q3,model_textgen_alpha,75507
2025-10-23T00:50:00Z,emily.nguyen,sess_r4s5t6,model_textgen_alpha,71484
2025-10-23T00:55:00Z,ryan.kim,sess_u7v8w9,model_textgen_alpha,71808
2025-10-23T01:00:00Z,nina.patel,sess_x0y1z2,model_textgen_alpha,75754
2025-10-23T01:05:00Z,ethan.wood,sess_a3b4c5,model_textgen_alpha,74235
2025-10-23T01:10:00Z,sofia.ali,sess_d6e7f8,model_textgen_alpha,72462
2025-10-23T01:15:00Z,logan.bell,sess_g9h0i1,model_textgen_alpha,74225
2025-10-23T01:20:00Z,jtran,sess_j2k3l4,model_textgen_alpha,74599
2025-10-23T01:25:00Z,maria.gomez,sess_m5n6o7,model_textgen_alpha,72018
2025-10-23T01:30:00Z,cyberwolf42,sess_p8q9r0,model_textgen_alpha,74115
2025-10-23T01:35:00Z,elena.vault,sess_s1t2u3,model_textgen_alpha,72739
2025-10-23T01:40:00Z,hexhunter,sess_v4w5x6,model_textgen_alpha,71188
2025-10-23T01:45:00Z,kevin.choi,sess_y7z8a9,model_textgen_alpha,75657
2025-10-23T01:50:00Z,alina.k,sess_b2c3d4,model_textgen_alpha,72698
2025-10-23T01:55:00Z,brandon.ng,sess_e5f6g7,model_textgen_alpha,75222
2025-10-23T02:00:00Z,zoe.miller,sess_h8i9j0,model_textgen_alpha,71066
2025-10-23T02:05:00Z,liam.diaz,sess_k1l2m3,model_textgen_alpha,71219
2025-10-23T02:10:00Z,sasha.ren,sess_n4o5p6,model_textgen_alpha,72670
2025-10-23T02:15:00Z,omar.khan,sess_q7r8s9,model_textgen_alpha,71699
2025-10-23T02:20:00Z,ivy.chen,sess_t0u1v2,model_textgen_alpha,74043
2025-10-23T02:25:00Z,daniel.ross,sess_w3x4y5,model_textgen_alpha,72524
2025-10-23T02:30:00Z,megan.lee,sess_z6a7b8,model_textgen_alpha,71694
2025-10-23T02:35:00Z,tyler.james,sess_c9d0e1,model_textgen_alpha,71276
2025-10-23T02:40:00Z,anika.singh,sess_f2g3h4,model_textgen_alpha,73795
2025-10-23T02:45:00Z,leo.martin,sess_i5j6k7,model_textgen_alpha,74298
2025-10-23T02:50:00Z,grace.huang,sess_l8m9n0,model_textgen_alpha,74233
2025-10-23T02:55:00Z,aaron.cho,sess_o1p2q3,model_textgen_alpha,71272
2025-10-23T03:00:00Z,emily.nguyen,sess_r4s5t6,model_textgen_alpha,72568
2025-10-23T03:05:00Z,ryan.kim,sess_u7v8w9,model_textgen_alpha,71156
2025-10-23T03:10:00Z,nina.patel,sess_x0y1z2,model_textgen_alpha,71102
2025-10-23T03:15:00Z,ethan.wood,sess_a3b4c5,model_textgen_alpha,71363
2025-10-23T03:20:00Z,sofia.ali,sess_d6e7f8,model_textgen_alpha,71250
2025-10-23T03:25:00Z,logan.bell,sess_g9h0i1,model_textgen_alpha,75232
2025-10-23T03:30:00Z,jtran,sess_j2k3l4,model_textgen_alpha,75962
2025-10-23T03:35:00Z,maria.gomez,sess_m5n6o7,model_textgen_alpha,72986
2025-10-23T03:40:00Z,cyberwolf42,sess_p8q9r0,model_textgen_alpha,72818
2025-10-23T03:45:00Z,elena.vault,sess_s1t2u3,model_textgen_alpha,71077
2025-10-23T03:50:00Z,hexhunter,sess_v4w5x6,model_textgen_alpha,73927
2025-10-23T03:55:00Z,kevin.choi,sess_y7z8a9,model_textgen_alpha,71500
2025-10-23T04:00:00Z,alina.k,sess_b2c3d4,model_textgen_alpha,71378
2025-10-23T04:05:00Z,brandon.ng,sess_e5f6g7,model_textgen_alpha,71758
2025-10-23T04:10:00Z,zoe.miller,sess_h8i9j0,model_textgen_alpha,72808
2025-10-23T04:15:00Z,liam.diaz,sess_k1l2m3,model_textgen_alpha,73596
2025-10-23T04:20:00Z,sasha.ren,sess_n4o5p6,model_textgen_alpha,73771
2025-10-23T04:25:00Z,omar.khan,sess_q7r8s9,model_textgen_alpha,75205
2025-10-23T04:30:00Z,ivy.chen,sess_t0u1v2,model_textgen_alpha,73760
2025-10-23T04:35:00Z,daniel.ross,sess_w3x4y5,model_textgen_alpha,71872
2025-10-23T04:40:00Z,megan.lee,sess_z6a7b8,model_textgen_alpha,72427
2025-10-23T04:45:00Z,tyler.james,sess_c9d0e1,model_textgen_alpha,71044
2025-10-23T04:50:00Z,anika.singh,sess_f2g3h4,model_textgen_alpha,72201
2025-10-23T04:55:00Z,leo.martin,sess_i5j6k7,model_textgen_alpha,71754
2025-10-23T05:00:00Z,grace.huang,sess_l8m9n0,model_textgen_alpha,72476
2025-10-23T05:05:00Z,aaron.cho,sess_o1p2q3,model_textgen_alpha,71450
2025-10-23T05:10:00Z,emily.nguyen,sess_r4s5t6,model_textgen_alpha,75372
2025-10-23T05:15:00Z,ryan.kim,sess_u7v8w9,model_textgen_alpha,75245
2025-10-23T05:20:00Z,nina.patel,sess_x0y1z2,model_textgen_alpha,73052
2025-10-23T05:20:00Z,tycho.v,sess_aa1bb2,model_textgen_alpha,73674
2025-10-23T05:25:00Z,camila.ortiz,sess_cc3dd4,model_textgen_alpha,73412
2025-10-23T05:30:00Z,devon.cho,sess_ee5ff6,model_textgen_alpha,73986
2025-10-23T05:35:00Z,elena.vault,sess_gg7hh8,model_textgen_alpha,72659
2025-10-23T05:40:00Z,hexhunter,sess_ii9jj0,model_textgen_alpha,74334
2025-10-23T05:45:00Z,kevin.choi,sess_kk1ll2,model_textgen_alpha,72229
2025-10-23T05:50:00Z,alina.k,sess_mm3nn4,model_textgen_alpha,71674
2025-10-23T05:55:00Z,brandon.ng,sess_oo5pp6,model_textgen_alpha,74651
2025-10-23T06:00:00Z,zoe.miller,sess_qq7rr8,model_textgen_alpha,72157
2025-10-23T06:05:00Z,liam.diaz,sess_ss9tt0,model_textgen_alpha,72383
2025-10-23T06:10:00Z,sasha.ren,sess_uu1vv2,model_textgen_alpha,71312
2025-10-23T06:15:00Z,omar.khan,sess_ww3xx4,model_textgen_alpha,71206
2025-10-23T06:20:00Z,ivy.chen,sess_yy5zz6,model_textgen_alpha,73272
2025-10-23T06:25:00Z,daniel.ross,sess_zz7aa8,model_textgen_alpha,73081
2025-10-23T06:30:00Z,megan.lee,sess_bb9cc0,model_textgen_alpha,74400
2025-10-23T06:35:00Z,tyler.james,sess_dd1ee2,model_textgen_alpha,75679
2025-10-23T06:40:00Z,anika.singh,sess_ff3gg4,model_textgen_alpha,75295
2025-10-23T06:45:00Z,leo.martin,sess_hh5ii6,model_textgen_alpha,73499
2025-10-23T06:50:00Z,grace.huang,sess_jj7kk8,model_textgen_alpha,71979
2025-10-23T06:55:00Z,aaron.cho,sess_ll9mm0,model_textgen_alpha,74071